Core,Subst,chembl_id
Brc1cnn2c(NC[*:1])cc(-c3ccccc3[*:2])nc12,c1cncc(O[*:1])c1.[*:2],CHEMBL250148
Brc1cnn2c(NC[*:1])cc(-c3ccccc3[*:2])nc12,Cl[*:2].[*:1],CHEMBL248219
Brc1cnn2c(NC[*:1])cc(-c3ccccc3[*:2])nc12,Cl[*:2].c1cncc(O[*:1])c1,CHEMBL398621
Brc1cnn2c(NC[*:1])cc(-c3ccccc3[*:2])nc12,F[*:2].c1cncc(O[*:1])c1,CHEMBL398622
c1cncc(CNc2cc([*:1])nc3c([*:2])cnn23)c1,Br[*:2].c1ccc([*:1])cc1,CHEMBL249530
c1cncc(CNc2cc([*:1])nc3c([*:2])cnn23)c1,Br[*:2].C1CC([*:1])CCN1,CHEMBL251196
c1cncc(CNc2cc([*:1])nc3c([*:2])cnn23)c1,Br[*:2].C1CNCC([*:1])C1,CHEMBL251601
c1cncc(CNc2cc([*:1])nc3c([*:2])cnn23)c1,C#C[*:2].c1ccc([*:1])cc1,CHEMBL249734
c1cncc(CNc2cc([*:1])nc3c([*:2])cnn23)c1,Br[*:2].C1CCC([*:1])CC1,CHEMBL251393
c1cncc(CNc2cc([*:1])nc3c([*:2])cnn23)c1,Br[*:2].c1csc([*:1])c1,CHEMBL404208
c1cncc(CNc2cc([*:1])nc3c([*:2])cnn23)c1,Br[*:2].C1CC1[*:1],CHEMBL401056
c1cncc(CNc2cc([*:1])nc3c([*:2])cnn23)c1,Br[*:2].c1coc([*:1])c1,CHEMBL250145
c1cncc(CNc2cc([*:1])nc3c([*:2])cnn23)c1,Br[*:2].CC(C)[*:1],CHEMBL250369
c1cncc(CNc2cc([*:1])nc3c([*:2])cnn23)c1,Br[*:2].CC(O)[*:1],CHEMBL251375
c1cncc(CNc2cc([*:1])nc3c([*:2])cnn23)c1,Br[*:2].CCOC(=O)[*:1],CHEMBL250183
c1cncc(CNc2cc([*:1])nc3c([*:2])cnn23)c1,Br[*:2].CC[*:1],CHEMBL398670
c1cncc(CNc2cc([*:1])nc3c([*:2])cnn23)c1,CC[*:2].c1ccc([*:1])cc1,CHEMBL249531
c1cncc(CNc2cc([*:1])nc3c([*:2])cnn23)c1,Br[*:2].CN[*:1],CHEMBL399078
c1cncc(CNc2cc([*:1])nc3c([*:2])cnn23)c1,Br[*:2].CO[*:1],CHEMBL250386
c1cncc(CNc2cc([*:1])nc3c([*:2])cnn23)c1,Br[*:2].CS[*:1],CHEMBL249165
c1cncc(CNc2cc([*:1])nc3c([*:2])cnn23)c1,CS[*:2].c1ccc([*:1])cc1,CHEMBL399287
c1cncc(CNc2cc([*:1])nc3c([*:2])cnn23)c1,Br[*:2].C[*:1],CHEMBL249141
c1cncc(CNc2cc([*:1])nc3c([*:2])cnn23)c1,Br[*:2].Clc1ccccc1[*:1],CHEMBL401303
c1ccc(-c2cc(NCc3cccnc3)n3ncc([*:1])c3n2)cc1,CC(=O)NCCS[*:1],CHEMBL442802
c1ccc(-c2cc(NCc3cccnc3)n3ncc([*:1])c3n2)cc1,N#CC[*:1],CHEMBL398647
COc1ccc(CNC(=O)Nc2nc3ccc([*:1])cc3s2)cc1,C#CC(=O)[*:1],CHEMBL4571262
COc1ccc(CNC(=O)Nc2nc3ccc([*:1])cc3s2)cc1,C=CC(=O)[*:1],CHEMBL4573681
COc1ccc(CNC(=O)Nc2nc3ccc([*:1])cc3s2)cc1,N#C[*:1],CHEMBL1824333
COc1ccc(CNC(=O)Nc2nc3ccc([*:1])cc3s2)cc1,O=C(CBr)[*:1],CHEMBL4532931
COc1ccc(CNC(=O)Nc2nc3ccc([*:1])cc3s2)cc1,CC(=O)[*:1],CHEMBL4452831
COc1ccc(CNC(=O)Nc2nc3ccc([*:1])cc3[nH]2)cc1,C#CC(=O)[*:1],CHEMBL4556827
COc1ccc(CNC(=O)Nc2nc3ccc([*:1])cc3[nH]2)cc1,C=CC(=O)[*:1],CHEMBL4516941
COc1ccc(CNC(=O)Nc2nc3ccc([*:1])cc3[nH]2)cc1,N#C[*:1],CHEMBL4447545
COc1ccc(CNC(=O)Nc2nc3ccc([*:1])cc3[nH]2)cc1,CC(=O)[*:1],CHEMBL4452731
COc1ccc(CNC(=O)Nc2nc3ccc([*:1])cc3[nH]2)cc1,O=C(CBr)[*:1],CHEMBL4546384
O=C1NC(=O)C(c2cn([*:7])c3c([*:5])c([*:1])c([*:3])cc23)=C1c1coc2c([*:6])c([*:2])c([*:4])cc12,COCC[*:7].[*:1].[*:2].[*:3].[*:4].[*:5].[*:6],CHEMBL2386102
O=C1NC(=O)C(c2cn([*:7])c3c([*:5])c([*:1])c([*:3])cc23)=C1c1coc2c([*:6])c([*:2])c([*:4])cc12,C[*:7].[*:1].[*:2].[*:3].[*:4].[*:5].[*:6],CHEMBL301138
O=C1NC(=O)C(c2cn([*:7])c3c([*:5])c([*:1])c([*:3])cc23)=C1c1coc2c([*:6])c([*:2])c([*:4])cc12,CCOC(=O)CC[*:5].C[*:7].[*:1].[*:2].[*:3].[*:4].[*:6],CHEMBL490637
O=C1NC(=O)C(c2cn([*:7])c3c([*:5])c([*:1])c([*:3])cc23)=C1c1coc2c([*:6])c([*:2])c([*:4])cc12,COCC[*:5].C[*:7].[*:1].[*:2].[*:3].[*:4].[*:6],CHEMBL2386273
O=C1NC(=O)C(c2cn([*:7])c3c([*:5])c([*:1])c([*:3])cc23)=C1c1coc2c([*:6])c([*:2])c([*:4])cc12,COCC[*:7].COCC[*:5].[*:1].[*:2].[*:3].[*:4].[*:6],CHEMBL2386275
O=C1NC(=O)C(c2cn([*:7])c3c([*:5])c([*:1])c([*:3])cc23)=C1c1coc2c([*:6])c([*:2])c([*:4])cc12,COC[*:5].C[*:7].[*:1].[*:2].[*:3].[*:4].[*:6],CHEMBL491647
O=C1NC(=O)C(c2cn([*:7])c3c([*:5])c([*:1])c([*:3])cc23)=C1c1coc2c([*:6])c([*:2])c([*:4])cc12,C[*:7].O=C(O)CC[*:5].[*:1].[*:2].[*:3].[*:4].[*:6],CHEMBL490842
O=C1NC(=O)C(c2cn([*:7])c3c([*:5])c([*:1])c([*:3])cc23)=C1c1coc2c([*:6])c([*:2])c([*:4])cc12,C[*:7].O[*:5].[*:1].[*:2].[*:3].[*:4].[*:6],CHEMBL489410
O=C1NC(=O)C(c2cn([*:7])c3c([*:5])c([*:1])c([*:3])cc23)=C1c1coc2c([*:6])c([*:2])c([*:4])cc12,C[*:7].OC[*:5].[*:1].[*:2].[*:3].[*:4].[*:6],CHEMBL522464
O=C1NC(=O)C(c2cn([*:7])c3c([*:5])c([*:1])c([*:3])cc23)=C1c1coc2c([*:6])c([*:2])c([*:4])cc12,CC(C)(C)OCC[*:5].C[*:7].[*:1].[*:2].[*:3].[*:4].[*:6],CHEMBL2386274
O=C1NC(=O)C(c2cn([*:7])c3c([*:5])c([*:1])c([*:3])cc23)=C1c1coc2c([*:6])c([*:2])c([*:4])cc12,Br[*:3].CNCCC[*:7].[*:1].[*:2].[*:4].[*:5].[*:6],CHEMBL2386100
O=C1NC(=O)C(c2cn([*:7])c3c([*:5])c([*:1])c([*:3])cc23)=C1c1coc2c([*:6])c([*:2])c([*:4])cc12,CNCCC[*:7].F[*:3].[*:1].[*:2].[*:4].[*:5].[*:6],CHEMBL2386101
O=C1NC(=O)C(c2cn([*:7])c3c([*:5])c([*:1])c([*:3])cc23)=C1c1coc2c([*:6])c([*:2])c([*:4])cc12,Br[*:3].COCC[*:7].[*:1].[*:2].[*:4].[*:5].[*:6],CHEMBL2386104
O=C1NC(=O)C(c2cn([*:7])c3c([*:5])c([*:1])c([*:3])cc23)=C1c1coc2c([*:6])c([*:2])c([*:4])cc12,COCC[*:7].F[*:3].[*:1].[*:2].[*:4].[*:5].[*:6],CHEMBL2386103
O=C1NC(=O)C(c2cn([*:7])c3c([*:5])c([*:1])c([*:3])cc23)=C1c1coc2c([*:6])c([*:2])c([*:4])cc12,Br[*:3].C[*:7].[*:1].[*:2].[*:4].[*:5].[*:6],CHEMBL489422
O=C1NC(=O)C(c2cn([*:7])c3c([*:5])c([*:1])c([*:3])cc23)=C1c1coc2c([*:6])c([*:2])c([*:4])cc12,C1CC1[*:3].C[*:7].[*:1].[*:2].[*:4].[*:5].[*:6],CHEMBL491064
O=C1NC(=O)C(c2cn([*:7])c3c([*:5])c([*:1])c([*:3])cc23)=C1c1coc2c([*:6])c([*:2])c([*:4])cc12,C[*:7].I[*:3].[*:1].[*:2].[*:4].[*:5].[*:6],CHEMBL522751
O=C1NC(=O)C(c2cn([*:7])c3c([*:5])c([*:1])c([*:3])cc23)=C1c1coc2c([*:6])c([*:2])c([*:4])cc12,Br[*:3].NCC[*:7].[*:1].[*:2].[*:4].[*:5].[*:6],CHEMBL2386098
O=C1NC(=O)C(c2cn([*:7])c3c([*:5])c([*:1])c([*:3])cc23)=C1c1coc2c([*:6])c([*:2])c([*:4])cc12,F[*:3].NCC[*:7].[*:1].[*:2].[*:4].[*:5].[*:6],CHEMBL2386099
O=C1NC(=O)C(c2cn([*:7])c3c([*:5])c([*:1])c([*:3])cc23)=C1c1coc2c([*:6])c([*:2])c([*:4])cc12,F[*:3].OCC[*:7].[*:1].[*:2].[*:4].[*:5].[*:6],CHEMBL2386096
O=C1NC(=O)C(c2cn([*:7])c3c([*:5])c([*:1])c([*:3])cc23)=C1c1coc2c([*:6])c([*:2])c([*:4])cc12,F[*:3].OCCC[*:7].[*:1].[*:2].[*:4].[*:5].[*:6],CHEMBL2386097
O=C1NC(=O)C(c2cn([*:7])c3c([*:5])c([*:1])c([*:3])cc23)=C1c1coc2c([*:6])c([*:2])c([*:4])cc12,Br[*:3].OCC[*:7].[*:1].[*:2].[*:4].[*:5].[*:6],CHEMBL2386095
O=C1NC(=O)C(c2cn([*:7])c3c([*:5])c([*:1])c([*:3])cc23)=C1c1coc2c([*:6])c([*:2])c([*:4])cc12,C[*:7].O[*:1].[*:2].[*:3].[*:4].[*:5].[*:6],CHEMBL503469
O=C1NC(=O)C(c2cn([*:7])c3c([*:5])c([*:1])c([*:3])cc23)=C1c1coc2c([*:6])c([*:2])c([*:4])cc12,Br[*:3].C#CCO[*:2].C[*:7].[*:1].[*:4].[*:5].[*:6],CHEMBL489435
O=C1NC(=O)C(c2cn([*:7])c3c([*:5])c([*:1])c([*:3])cc23)=C1c1coc2c([*:6])c([*:2])c([*:4])cc12,Br[*:3].C=CCO[*:2].C[*:7].[*:1].[*:4].[*:5].[*:6],CHEMBL489845
O=C1NC(=O)C(c2cn([*:7])c3c([*:5])c([*:1])c([*:3])cc23)=C1c1coc2c([*:6])c([*:2])c([*:4])cc12,COC[*:2].C[*:7].F[*:3].[*:1].[*:4].[*:5].[*:6],CHEMBL516261
O=C1NC(=O)C(c2cn([*:7])c3c([*:5])c([*:1])c([*:3])cc23)=C1c1coc2c([*:6])c([*:2])c([*:4])cc12,Br[*:3].COc1ccc(CO[*:2])cc1.C[*:7].[*:1].[*:4].[*:5].[*:6],CHEMBL490044
O=C1NC(=O)C(c2cn([*:7])c3c([*:5])c([*:1])c([*:3])cc23)=C1c1coc2c([*:6])c([*:2])c([*:4])cc12,Br[*:3].C[*:7].OC[*:2].[*:1].[*:4].[*:5].[*:6],CHEMBL489833
O=C1NC(=O)C(c2cn([*:7])c3c([*:5])c([*:1])c([*:3])cc23)=C1c1coc2c([*:6])c([*:2])c([*:4])cc12,C[*:7].N#C[*:3].OC[*:2].[*:1].[*:4].[*:5].[*:6],CHEMBL490861
O=C1NC(=O)C(c2cn([*:7])c3c([*:5])c([*:1])c([*:3])cc23)=C1c1coc2c([*:6])c([*:2])c([*:4])cc12,C[*:7].F[*:3].OC[*:2].[*:1].[*:4].[*:5].[*:6],CHEMBL477038
O=C1NC(=O)C(c2cn([*:7])c3c([*:5])c([*:1])c([*:3])cc23)=C1c1coc2c([*:6])c([*:2])c([*:4])cc12,C[*:7].F[*:3].O[*:2].[*:1].[*:4].[*:5].[*:6],CHEMBL489210
O=C1NC(=O)C(c2cn([*:7])c3c([*:5])c([*:1])c([*:3])cc23)=C1c1coc2c([*:6])c([*:2])c([*:4])cc12,COCC[*:7].F[*:3].F[*:1].[*:2].[*:4].[*:5].[*:6],CHEMBL2386105
O=C1NC(=O)C(c2cn([*:7])c3c([*:5])c([*:1])c([*:3])cc23)=C1c1coc2c([*:6])c([*:2])c([*:4])cc12,CO[*:3].C[*:7].Cl[*:1].[*:2].[*:4].[*:5].[*:6],CHEMBL483669
O=C1NC(=O)C(c2cn([*:7])c3c([*:5])c([*:1])c([*:3])cc23)=C1c1coc2c([*:6])c([*:2])c([*:4])cc12,CO[*:3].C[*:7].I[*:1].[*:2].[*:4].[*:5].[*:6],CHEMBL520147
O=C1NC(=O)C(c2cn([*:7])c3c([*:5])c([*:1])c([*:3])cc23)=C1c1coc2c([*:6])c([*:2])c([*:4])cc12,C[*:7].Cl[*:1].F[*:3].[*:2].[*:4].[*:5].[*:6],CHEMBL489407
O=C1NC(=O)C(c2cn([*:7])c3c([*:5])c([*:1])c([*:3])cc23)=C1c1coc2c([*:6])c([*:2])c([*:4])cc12,COC[*:5].C[*:7].OC[*:2].[*:1].[*:3].[*:4].[*:6],CHEMBL490636
O=C1NC(=O)C(c2cn([*:7])c3c([*:5])c([*:1])c([*:3])cc23)=C1c1coc2c([*:6])c([*:2])c([*:4])cc12,C[*:7].OC[*:5].OC[*:2].[*:1].[*:3].[*:4].[*:6],CHEMBL491447
O=C1NC(=O)C(c2cn([*:7])c3c([*:5])c([*:1])c([*:3])cc23)=C1c1coc2c([*:6])c([*:2])c([*:4])cc12,Br[*:3].CO[*:6].C[*:7].[*:1].[*:2].[*:4].[*:5],CHEMBL505673
O=C1NC(=O)C(c2cn([*:7])c3c([*:5])c([*:1])c([*:3])cc23)=C1c1coc2c([*:6])c([*:2])c([*:4])cc12,CO[*:6].C[*:7].FC(F)(F)[*:1].[*:2].[*:3].[*:4].[*:5],CHEMBL482632
O=C1NC(=O)C(c2cn([*:7])c3c([*:5])c([*:1])c([*:3])cc23)=C1c1coc2c([*:6])c([*:2])c([*:4])cc12,C[*:7].Cl[*:3].F[*:4].[*:1].[*:2].[*:5].[*:6],CHEMBL523113
O=C1NC(=O)C(c2cn([*:7])c3c([*:5])c([*:1])c([*:3])cc23)=C1c1coc2c([*:6])c([*:2])c([*:4])cc12,C(#C[*:3])C1CC1.C[*:7].F[*:4].[*:1].[*:2].[*:5].[*:6],CHEMBL484685
O=C1NC(=O)C(c2cn([*:7])c3c([*:5])c([*:1])c([*:3])cc23)=C1c1coc2c([*:6])c([*:2])c([*:4])cc12,C[*:7].F[*:4].I[*:3].[*:1].[*:2].[*:5].[*:6],CHEMBL490860
O=C1NC(=O)C(c2cn([*:7])c3c([*:5])c([*:1])c([*:3])cc23)=C1c1coc2c([*:6])c([*:2])c([*:4])cc12,CO[*:2].C[*:7].Cl[*:1].F[*:3].[*:4].[*:5].[*:6],CHEMBL521774
O=C1NC(=O)C(c2cn([*:7])c3c([*:5])c([*:1])c([*:3])cc23)=C1c1coc2c([*:6])c([*:2])c([*:4])cc12,C[*:7].Cl[*:1].F[*:3].OC[*:2].[*:4].[*:5].[*:6],CHEMBL522590
O=C1NC(=O)C(c2cn([*:7])c3c([*:5])c([*:1])c([*:3])cc23)=C1c1coc2c([*:6])c([*:2])c([*:4])cc12,C1CC1CO[*:2].C[*:7].Cl[*:1].F[*:3].[*:4].[*:5].[*:6],CHEMBL490639
O=C1NC(=O)C(c2cn([*:7])c3c([*:5])c([*:1])c([*:3])cc23)=C1c1coc2c([*:6])c([*:2])c([*:4])cc12,C1CC(CO[*:2])C1.C[*:7].Cl[*:1].F[*:3].[*:4].[*:5].[*:6],CHEMBL489413
O=C1NC(=O)C(c2cn([*:7])c3c([*:5])c([*:1])c([*:3])cc23)=C1c1coc2c([*:6])c([*:2])c([*:4])cc12,Br[*:5].Br[*:3].CO[*:6].C[*:7].[*:1].[*:2].[*:4],CHEMBL489043
O=C1NC(=O)C(c2cn([*:7])c3c([*:5])c([*:1])c([*:3])cc23)=C1c1coc2c([*:6])c([*:2])c([*:4])cc12,CO[*:6].C[*:7].Clc1ccc([*:1])cc1.F[*:3].[*:2].[*:4].[*:5],CHEMBL489421
O=C1NC(=O)C(c2cn([*:7])c3c([*:5])c([*:1])c([*:3])cc23)=C1c1coc2c([*:6])c([*:2])c([*:4])cc12,CO[*:6].C[*:7].Cl[*:1].F[*:3].[*:2].[*:4].[*:5],CHEMBL522760
O=C1NC(=O)C(c2cn([*:7])c3c([*:5])c([*:1])c([*:3])cc23)=C1c1coc2c([*:6])c([*:2])c([*:4])cc12,CO[*:6].C[*:7].F[*:3].I[*:1].[*:2].[*:4].[*:5],CHEMBL523435
O=C1NC(=O)C(c2c([*:7])n([*:9])c3cc([*:4])c([*:5])c([*:8])c23)=C1c1cc([*:2])c([*:1])c([*:3])c1[*:6],[*:1].CO[*:2].[*:3].[*:4].[*:5].[*:6].[*:7].[*:8].C[*:9],CHEMBL293542
O=C1NC(=O)C(c2c([*:7])n([*:9])c3cc([*:4])c([*:5])c([*:8])c23)=C1c1cc([*:2])c([*:1])c([*:3])c1[*:6],[*:1].N[*:2].[*:3].[*:4].[*:5].[*:6].[*:7].[*:8].C[*:9],CHEMBL54547
O=C1NC(=O)C(c2c([*:7])n([*:9])c3cc([*:4])c([*:5])c([*:8])c23)=C1c1cc([*:2])c([*:1])c([*:3])c1[*:6],[*:1].OCC(O)C[*:2].[*:3].[*:4].[*:5].[*:6].[*:7].[*:8].C[*:9],CHEMBL1081294_CHEMBL1081972
O=C1NC(=O)C(c2c([*:7])n([*:9])c3cc([*:4])c([*:5])c([*:8])c23)=C1c1cc([*:2])c([*:1])c([*:3])c1[*:6],[*:1].OCCCN[*:2].[*:3].[*:4].[*:5].[*:6].[*:7].[*:8].C[*:9],CHEMBL1082151
O=C1NC(=O)C(c2c([*:7])n([*:9])c3cc([*:4])c([*:5])c([*:8])c23)=C1c1cc([*:2])c([*:1])c([*:3])c1[*:6],c1ccc([*:1])cc1.[*:2].[*:3].[*:4].[*:5].[*:6].[*:7].[*:8].C[*:9],CHEMBL1086732
O=C1NC(=O)C(c2c([*:7])n([*:9])c3cc([*:4])c([*:5])c([*:8])c23)=C1c1cc([*:2])c([*:1])c([*:3])c1[*:6],[*:1].[*:2].[*:3].[*:4].[*:5].Cl[*:6].[*:7].[*:8].C[*:9],CHEMBL431933
O=C1NC(=O)C(c2c([*:7])n([*:9])c3cc([*:4])c([*:5])c([*:8])c23)=C1c1cc([*:2])c([*:1])c([*:3])c1[*:6],[*:1].C=CC(=O)N[*:2].[*:3].F[*:4].[*:5].[*:6].[*:7].[*:8].C[*:9],CHEMBL4632696
O=C1NC(=O)C(c2c([*:7])n([*:9])c3cc([*:4])c([*:5])c([*:8])c23)=C1c1cc([*:2])c([*:1])c([*:3])c1[*:6],[*:1].C=CC(=O)N[*:2].[*:3].CO[*:4].[*:5].[*:6].[*:7].[*:8].C[*:9],CHEMBL4647220
O=C1NC(=O)C(c2c([*:7])n([*:9])c3cc([*:4])c([*:5])c([*:8])c23)=C1c1cc([*:2])c([*:1])c([*:3])c1[*:6],[*:1].CO[*:2].[*:3].F[*:4].[*:5].[*:6].[*:7].[*:8].C[*:9],CHEMBL1081616
O=C1NC(=O)C(c2c([*:7])n([*:9])c3cc([*:4])c([*:5])c([*:8])c23)=C1c1cc([*:2])c([*:1])c([*:3])c1[*:6],[*:1].CO[*:2].[*:3].C[*:4].[*:5].[*:6].[*:7].[*:8].C[*:9],CHEMBL1081128
O=C1NC(=O)C(c2c([*:7])n([*:9])c3cc([*:4])c([*:5])c([*:8])c23)=C1c1cc([*:2])c([*:1])c([*:3])c1[*:6],[*:1].C=CC(=O)N[*:2].[*:3].[*:4].F[*:5].[*:6].[*:7].[*:8].C[*:9],CHEMBL4649363
O=C1NC(=O)C(c2c([*:7])n([*:9])c3cc([*:4])c([*:5])c([*:8])c23)=C1c1cc([*:2])c([*:1])c([*:3])c1[*:6],[*:1].CO[*:2].[*:3].[*:4].Cl[*:5].[*:6].[*:7].[*:8].C[*:9],CHEMBL1081617
O=C1NC(=O)C(c2c([*:7])n([*:9])c3cc([*:4])c([*:5])c([*:8])c23)=C1c1cc([*:2])c([*:1])c([*:3])c1[*:6],[*:1].OCC(O)C[*:2].[*:3].[*:4].F[*:5].[*:6].[*:7].[*:8].C[*:9],CHEMBL1081973
O=C1NC(=O)C(c2c([*:7])n([*:9])c3cc([*:4])c([*:5])c([*:8])c23)=C1c1cc([*:2])c([*:1])c([*:3])c1[*:6],[*:1].OCC(O)CN[*:2].[*:3].[*:4].F[*:5].[*:6].[*:7].[*:8].C[*:9],CHEMBL1082152
O=C1NC(=O)C(c2c([*:7])n([*:9])c3cc([*:4])c([*:5])c([*:8])c23)=C1c1cc([*:2])c([*:1])c([*:3])c1[*:6],[*:1].OCC(O)CN[*:2].[*:3].[*:4].Cl[*:5].[*:6].[*:7].[*:8].C[*:9],CHEMBL1082153
O=C1NC(=O)C(c2c([*:7])n([*:9])c3cc([*:4])c([*:5])c([*:8])c23)=C1c1cc([*:2])c([*:1])c([*:3])c1[*:6],CO[*:1].CO[*:2].CO[*:3].[*:4].[*:5].[*:6].[*:7].[*:8].[*:9],CHEMBL201511
O=C1NC(=O)C(c2c([*:7])n([*:9])c3cc([*:4])c([*:5])c([*:8])c23)=C1c1cc([*:2])c([*:1])c([*:3])c1[*:6],CO[*:1].[*:2].[*:3].[*:4].[*:5].CO[*:6].[*:7].[*:8].C[*:9],CHEMBL1088149
O=C1NC(=O)C(c2c([*:7])n([*:9])c3cc([*:4])c([*:5])c([*:8])c23)=C1c1cc([*:2])c([*:1])c([*:3])c1[*:6],CO[*:1].CO[*:2].[*:3].[*:4].[*:5].[*:6].[*:7].[*:8].C[*:9],CHEMBL1087242
O=C1NC(=O)C(c2c([*:7])n([*:9])c3cc([*:4])c([*:5])c([*:8])c23)=C1c1cc([*:2])c([*:1])c([*:3])c1[*:6],[*:1].CO[*:2].[*:3].[*:4].[*:5].CO[*:6].[*:7].[*:8].C[*:9],CHEMBL1087243
O=C1NC(=O)C(c2c([*:7])n([*:9])c3cc([*:4])c([*:5])c([*:8])c23)=C1c1cc([*:2])c([*:1])c([*:3])c1[*:6],[*:1].Cl[*:2].[*:3].[*:4].[*:5].Cl[*:6].[*:7].[*:8].C[*:9],CHEMBL562023
O=C1NC(=O)C(c2c([*:7])n([*:9])c3cc([*:4])c([*:5])c([*:8])c23)=C1c1cc([*:2])c([*:1])c([*:3])c1[*:6],[*:1].CO[*:2].[*:3].[*:4].[*:5].[*:6].C[*:7].[*:8].C[*:9],CHEMBL1080933
O=C1NC(=O)C(c2c([*:7])n([*:9])c3cc([*:4])c([*:5])c([*:8])c23)=C1c1cc([*:2])c([*:1])c([*:3])c1[*:6],[*:1].CO[*:2].[*:3].[*:4].[*:5].[*:6].[*:7].CO[*:8].C[*:9],CHEMBL1081293
O=C1NC(=O)C(c2cn(C(C[*:1])[*:4])c3ncccc23)=C1c1cccc([*:2])c1[*:3],C=CC(=O)N[*:2].C[*:4].[*:1].[*:3],CHEMBL4648050
O=C1NC(=O)C(c2cn(C(C[*:1])[*:4])c3ncccc23)=C1c1cccc([*:2])c1[*:3],C[*:4].O=C(CF)N[*:2].[*:1].[*:3],CHEMBL4645337
O=C1NC(=O)C(c2cn(C(C[*:1])[*:4])c3ncccc23)=C1c1cccc([*:2])c1[*:3],CC(C)(C)OC(=O)NC[*:1].CO[*:3].[*:2].[*:4],CHEMBL109981
O=C1NC(=O)C([*:1])=C1c1cn([*:2])c2ccccc12,CC(=O)[*:1].[*:2],CHEMBL1801632
O=C1NC(=O)C([*:1])=C1c1cn([*:2])c2ccccc12,O=C(CBr)[*:1].[*:2],CHEMBL1801633
O=C1NC(=O)C([*:1])=C1c1cn([*:2])c2ccccc12,CC(=O)[*:1].C[*:2],CHEMBL1801636
O=C1NC(=O)C([*:1])=C1c1cn([*:2])c2ccccc12,C[*:2].c1ccc(O[*:1])cc1,CHEMBL1081260
O=C1NC(=O)C([*:1])=C1c1cn([*:2])c2ccccc12,C[*:2].c1ccc(N[*:1])cc1,CHEMBL1086734
O=C1NC(=O)C([*:1])=C1c1cn([*:2])c2ccccc12,C[*:2].c1ccc(S[*:1])cc1,CHEMBL1086733
O=C1NC(=O)C([*:1])=C1c1cn([*:2])c2ccccc12,C1CN([*:1])CCO1.C[*:2],CHEMBL1080932
O=C1NC(=O)C([*:1])=C1c1cn([*:2])c2ccccc12,C[*:2].O=C(CBr)[*:1],CHEMBL1801637
O=C1NC(=O)C([*:1])=C1c1cn([*:2])c2ccccc12,C[*:2].c1cncc([*:1])c1,CHEMBL1087380
O=C1NC(=O)C([*:1])=C1c1cn([*:2])c2ccccc12,C[*:2].c1csc([*:1])c1,CHEMBL53745
O=C(NCC1CCN(C[*:1])CC1)c1n[nH]c2ccc([*:2])cc12,CO[*:2].[*:1],CHEMBL3735382
O=C(NCC1CCN(C[*:1])CC1)c1n[nH]c2ccc([*:2])cc12,Br[*:2].CCOC(=O)[*:1],CHEMBL3735095
O=C(NCC1CCN(C[*:1])CC1)c1n[nH]c2ccc([*:2])cc12,CC[*:2].O=C(O)[*:1],CHEMBL3735445
O=C(NCC1CCN(C[*:1])CC1)c1n[nH]c2ccc([*:2])cc12,Br[*:2].COC(=O)c1coc([*:1])n1,CHEMBL3736476
O=C(NCC1CCN(C[*:1])CC1)c1n[nH]c2ccc([*:2])cc12,C[*:2].O=C(Nc1ccccc1)[*:1],CHEMBL3735755
O=C(NCC1CCN(C[*:1])CC1)c1n[nH]c2ccc([*:2])cc12,Br[*:2].O=C(O)c1ccc([*:1])o1,CHEMBL3735730
COc1ccc2[nH]nc(C(=O)NCC3CCN(C[*:1])CC3)c2c1,CC#CC(=O)NCC[*:1],CHEMBL3735772
COc1ccc2[nH]nc(C(=O)NCC3CCN(C[*:1])CC3)c2c1,CCC(=O)NCC[*:1],CHEMBL3735637
COc1ccc2[nH]nc(C(=O)NCC3CCN(C[*:1])CC3)c2c1,CC=CC(=O)NCC[*:1],CHEMBL3735527
COc1ccc2[nH]nc(C(=O)NCC3CCN(C[*:1])CC3)c2c1,CCCC(=O)NCC[*:1],CHEMBL3736458
COc1ccc2[nH]nc(C(=O)NCC3CCN(C[*:1])CC3)c2c1,CCOC(=O)c1ccc([*:1])o1,CHEMBL3735529
COc1ccc2[nH]nc(C(=O)NCC3CCN(C[*:1])CC3)c2c1,CCOC(=O)c1nc([*:1])cs1,CHEMBL3734973
COc1ccc2[nH]nc(C(=O)NCC3CCN(C[*:1])CC3)c2c1,COC(=O)c1csc([*:1])n1,CHEMBL3735579
COc1ccc2[nH]nc(C(=O)NCC3CCN(C[*:1])CC3)c2c1,COC(=O)c1coc([*:1])n1,CHEMBL3735500
COc1ccc2[nH]nc(C(=O)NCC3CCN(C[*:1])CC3)c2c1,COC(=O)c1ccoc1[*:1],CHEMBL3735291
COc1ccc2[nH]nc(C(=O)NCC3CCN(C[*:1])CC3)c2c1,COC[*:1],CHEMBL3735497
COc1ccc2[nH]nc(C(=O)NCC3CCN(C[*:1])CC3)c2c1,COc1ccc(C[*:1])cc1,CHEMBL3736196
COc1ccc2[nH]nc(C(=O)NCC3CCN(C[*:1])CC3)c2c1,O=C(O)[*:1],CHEMBL3736404
COc1ccc2[nH]nc(C(=O)NCC3CCN(C[*:1])CC3)c2c1,O=C(O)C[*:1],CHEMBL3735293
COc1ccc2[nH]nc(C(=O)NCC3CCN(C[*:1])CC3)c2c1,CC1CCCC(C[*:1])C1,CHEMBL3734911
COc1ccc2[nH]nc(C(=O)NCC3CCN(C[*:1])CC3)c2c1,O=C(O)CC[*:1],CHEMBL3734956
COc1ccc2[nH]nc(C(=O)NCC3CCN(C[*:1])CC3)c2c1,CC1CN(CC[*:1])CC(C)O1,CHEMBL3734776
COc1ccc2[nH]nc(C(=O)NCC3CCN(C[*:1])CC3)c2c1,CN(C)CC[*:1],CHEMBL3735220
COc1ccc2[nH]nc(C(=O)NCC3CCN(C[*:1])CC3)c2c1,O=C(NCC[*:1])c1ccccc1,CHEMBL3736418
COc1ccc2[nH]nc(C(=O)NCC3CCN(C[*:1])CC3)c2c1,CC1CN(C[*:1])CC(C)O1,CHEMBL3735882
COc1ccc2[nH]nc(C(=O)NCC3CCN(C[*:1])CC3)c2c1,c1cc(C[*:1])ccn1,CHEMBL3735863
COc1ccc2[nH]nc(C(=O)NCC3CCN(C[*:1])CC3)c2c1,Oc1ccc(C[*:1])cc1,CHEMBL3736216
COc1ccc2[nH]nc(C(=O)NCC3CCN(C[*:1])CC3)c2c1,O=C(O)c1ccc([*:1])cn1,CHEMBL3735621
COc1ccc2[nH]nc(C(=O)NCC3CCN(C[*:1])CC3)c2c1,CS(=O)(=O)NC[*:1],CHEMBL3735681
COc1ccc2[nH]nc(C(=O)NCC3CCN(C[*:1])CC3)c2c1,Oc1ccc([*:1])cc1,CHEMBL3735837
COc1ccc2[nH]nc(C(=O)NCC3CCN(C[*:1])CC3)c2c1,O=C(O)c1ccc([*:1])o1,CHEMBL3736399
COc1ccc2[nH]nc(C(=O)NCC3CCN(C[*:1])CC3)c2c1,c1ccc([*:1])cc1,CHEMBL3735962
COc1ccc2[nH]nc(C(=O)NCC3CCN(C[*:1])CC3)c2c1,Clc1ccc([*:1])c(Cl)c1,CHEMBL3734985
COc1ccc2[nH]nc(C(=O)NCC3CCN(C[*:1])CC3)c2c1,FC(F)(F)c1ccc([*:1])cc1,CHEMBL3735984
COc1ccc2[nH]nc(C(=O)NCC3CCN(C[*:1])CC3)c2c1,O=C(O)c1coc([*:1])n1,CHEMBL3736086
COc1ccc2[nH]nc(C(=O)NCC3CCN(C[*:1])CC3)c2c1,O=C(O)c1cc([*:1])ccn1,CHEMBL3735154
COc1ccc2[nH]nc(C(=O)NCC3CCN(C[*:1])CC3)c2c1,O=C(O)c1csc([*:1])n1,CHEMBL3735779
COc1ccc2[nH]nc(C(=O)NCC3CCN(C[*:1])CC3)c2c1,NC(=O)c1nc([*:1])no1,CHEMBL3735347
CC(=O)N(c1ccc2ccn(-c3cc(N[*:1])n4ncc(C#N)c4n3)c2c1)[*:2],C1CC1[*:1].[*:2],CHEMBL2062563
CC(=O)N(c1ccc2ccn(-c3cc(N[*:1])n4ncc(C#N)c4n3)c2c1)[*:2],CN(C)CCC[*:1].[*:2],CHEMBL2062575
CC(=O)N(c1ccc2ccn(-c3cc(N[*:1])n4ncc(C#N)c4n3)c2c1)[*:2],C1CC1[*:1].C[*:2],CHEMBL2062577
Cn1c(N2CCN([*:3])C([*:1])C2[*:2])nc(-c2ccncn2)cc1=O,C[*:2].[*:1].[*:3],CHEMBL4068148_CHEMBL4100141
Cn1c(N2CCN([*:3])C([*:1])C2[*:2])nc(-c2ccncn2)cc1=O,CCOc1ccccc1[*:1].[*:2].[*:3],CHEMBL4088266
Cn1c(N2CCN([*:3])C([*:1])C2[*:2])nc(-c2ccncn2)cc1=O,COc1cc(F)cc(F)c1[*:1].[*:2].[*:3],CHEMBL4071429
Cn1c(N2CCN([*:3])C([*:1])C2[*:2])nc(-c2ccncn2)cc1=O,COc1ccc([*:1])cc1.[*:2].[*:3],CHEMBL4096472
Cn1c(N2CCN([*:3])C([*:1])C2[*:2])nc(-c2ccncn2)cc1=O,COc1ccc([*:1])cc1OC.[*:2].[*:3],CHEMBL4082944
Cn1c(N2CCN([*:3])C([*:1])C2[*:2])nc(-c2ccncn2)cc1=O,COc1cccc([*:1])c1.[*:2].[*:3],CHEMBL4097431
Cn1c(N2CCN([*:3])C([*:1])C2[*:2])nc(-c2ccncn2)cc1=O,COc1ccccc1[*:1].[*:2].[*:3],CHEMBL4065624
Cn1c(N2CCN([*:3])C([*:1])C2[*:2])nc(-c2ccncn2)cc1=O,N#Cc1ccc([*:1])cc1.[*:2].[*:3],CHEMBL4089283
Cn1c(N2CCN([*:3])C([*:1])C2[*:2])nc(-c2ccncn2)cc1=O,Brc1ccc([*:1])cc1.[*:2].[*:3],CHEMBL4081408
Cn1c(N2CCN([*:3])C([*:1])C2[*:2])nc(-c2ccncn2)cc1=O,Brc1cccc([*:1])c1.[*:2].[*:3],CHEMBL4088777
Cn1c(N2CCN([*:3])C([*:1])C2[*:2])nc(-c2ccncn2)cc1=O,Fc1ccc([*:1])cc1.[*:2].[*:3],CHEMBL4096984
Cn1c(N2CCN([*:3])C([*:1])C2[*:2])nc(-c2ccncn2)cc1=O,Clc1ccc([*:1])cc1Cl.[*:2].[*:3],CHEMBL4072455
Cn1c(N2CCN([*:3])C([*:1])C2[*:2])nc(-c2ccncn2)cc1=O,Clc1cccc([*:1])c1.[*:2].[*:3],CHEMBL4067532
Cn1c(N2CCN([*:3])C([*:1])C2[*:2])nc(-c2ccncn2)cc1=O,Fc1cccc([*:1])c1.[*:2].[*:3],CHEMBL4064936
Cn1c(N2CCN([*:3])C([*:1])C2[*:2])nc(-c2ccncn2)cc1=O,Brc1ccccc1[*:1].[*:2].[*:3],CHEMBL4089702
Cn1c(N2CCN([*:3])C([*:1])C2[*:2])nc(-c2ccncn2)cc1=O,Clc1ccccc1[*:1].[*:2].[*:3],CHEMBL4073837
Cn1c(N2CCN([*:3])C([*:1])C2[*:2])nc(-c2ccncn2)cc1=O,Fc1ccccc1[*:1].[*:2].[*:3],CHEMBL4080416
Cn1c(N2CCN([*:3])C([*:1])C2[*:2])nc(-c2ccncn2)cc1=O,C[*:3].[*:1].[*:2],CHEMBL4071667
Cn1c(N2CCN([*:3])C([*:1])C2[*:2])nc(-c2ccncn2)cc1=O,CC(=O)[*:3].C[*:2].[*:1],CHEMBL4067909
Cn1c(N2CCN([*:3])C([*:1])C2[*:2])nc(-c2ccncn2)cc1=O,CC(C)[*:3].C[*:2].[*:1],CHEMBL4064440
Cn1c(N2CCN([*:3])C([*:1])C2[*:2])nc(-c2ccncn2)cc1=O,C[*:3].C[*:2].[*:1],CHEMBL4059511_CHEMBL4068965
Cn1c(N2CCN([*:3])C([*:1])C2[*:2])nc(-c2ccncn2)cc1=O,C[*:2].O=C(c1ccccc1)[*:3].[*:1],CHEMBL4071773
Cn1c(N2CCN([*:3])C([*:1])C2[*:2])nc(-c2ccncn2)cc1=O,CS(=O)(=O)[*:3].C[*:2].[*:1],CHEMBL4078643
Cn1c(N2CCN([*:3])C([*:1])C2[*:2])nc(-c2ccncn2)cc1=O,C[*:2].c1ccc(C[*:3])cc1.[*:1],CHEMBL4082198
Cn1c(N2CCN([*:3])C([*:1])C2[*:2])nc(-c2ccncn2)cc1=O,C[*:2].N#Cc1ccc([*:3])cc1.[*:1],CHEMBL4093559
Cn1c(N2CCN([*:3])C([*:1])C2[*:2])nc(-c2ccncn2)cc1=O,C[*:2].Fc1ccc([*:3])cc1.[*:1],CHEMBL4076060
Cn1c(N2CCN([*:3])C([*:1])C2[*:2])nc(-c2ccncn2)cc1=O,C[*:2].N#Cc1cccc([*:3])c1.[*:1],CHEMBL4074586
Cn1c(N2CCN([*:3])C([*:1])C2[*:2])nc(-c2ccncn2)cc1=O,C[*:2].c1ccc([*:3])cc1.[*:1],CHEMBL3719193
Cn1c(N2CCN([*:3])C([*:1])C2[*:2])nc(-c2ccncn2)cc1=O,C[*:2].Clc1ccc([*:3])cc1.[*:1],CHEMBL4077048
Cn1c(N2CCN([*:3])C([*:1])C2[*:2])nc(-c2ccncn2)cc1=O,C[*:2].Fc1cccc([*:3])c1.[*:1],CHEMBL4095848
Cn1c(N2CCN([*:3])C([*:1])C2[*:2])nc(-c2ccncn2)cc1=O,C[*:2].N#Cc1ccccc1[*:3].[*:1],CHEMBL4101293
Cn1c(N2CCN([*:3])C([*:1])C2[*:2])nc(-c2ccncn2)cc1=O,C[*:2].c1cncc([*:3])c1.[*:1],CHEMBL4067170
Cn1c(N2CCN([*:3])C([*:1])C2[*:2])nc(-c2ccncn2)cc1=O,C[*:2].c1ccc([*:3])nc1.[*:1],CHEMBL4093930
Cn1c(N2CCN([*:3])C([*:1])C2[*:2])nc(-c2ccncn2)cc1=O,C[*:2].c1cc([*:3])ccn1.[*:1],CHEMBL4065956
Cn1c(N2CCN([*:3])C([*:1])C2[*:2])nc(-c2ccncn2)cc1=O,C[*:2].c1cnc([*:3])nc1.[*:1],CHEMBL4067737
Cn1c(N2CCN([*:3])C([*:1])C2[*:2])nc(-c2ccncn2)cc1=O,C[*:2].c1ncc([*:3])cn1.[*:1],CHEMBL4095163
Cn1c(N2CCN([*:3])C([*:1])C2[*:2])nc(-c2ccncn2)cc1=O,C[*:2].Fc1ccccc1[*:3].[*:1],CHEMBL4077376
Cn1c(N2CCN([*:3])C([*:1])C2[*:2])nc(-c2ccncn2)cc1=O,CC[*:2].c1ccc(C[*:3])cc1.[*:1],CHEMBL4078869
Cn1c(N2CCN([*:3])C([*:1])C2[*:2])nc(-c2ccncn2)cc1=O,COC(=O)[*:3].C[*:2].[*:1],CHEMBL4076038
Cn1c(N2CCN([*:3])C([*:1])C2[*:2])nc(-c2ccncn2)cc1=O,COc1cccc([*:3])c1.C[*:2].[*:1],CHEMBL4063206
Cn1c(N2CCN([*:3])C([*:1])C2[*:2])nc(-c2ccncn2)cc1=O,COc1ccccc1[*:3].C[*:2].[*:1],CHEMBL4065818
Cn1c(N2CCN([*:3])C([*:1])C2[*:2])nc(-c2ccncn2)cc1=O,C[*:1].c1ccc(C[*:3])cc1.[*:2],CHEMBL4083994_CHEMBL4101984
Cn1c(N2CCN([*:3])C([*:1])C2[*:2])nc(-c2ccncn2)cc1=O,COc1cc(F)ccc1[*:1].C[*:3].[*:2],CHEMBL4076461
CSc1nc(-c2ccc(F)cc2)c(-c2ccnc(NC(=O)C[*:1])c2)[nH]1,COc1cc([*:1])cc(OC)c1OC,CHEMBL4513323
CSc1nc(-c2ccc(F)cc2)c(-c2ccnc(NC(=O)C[*:1])c2)[nH]1,COc1ccc(C[*:1])cc1,CHEMBL4547931
CSc1nc(-c2ccc(F)cc2)c(-c2ccnc(NC(=O)C[*:1])c2)[nH]1,COc1cccc(C[*:1])c1,CHEMBL4592870
CSc1nc(-c2ccc(F)cc2)c(-c2ccnc(NC(=O)C[*:1])c2)[nH]1,FC(F)(F)c1ccc([*:1])cc1,CHEMBL4555766
CSc1nc(-c2ccc(F)cc2)c(-c2ccnc(NC(=O)C[*:1])c2)[nH]1,FC(F)(F)c1ccc(C[*:1])cc1,CHEMBL4518955
O=C(Nc1cc(-c2[nH]c(SCc3ccccc3)nc2-c2ccc(F)cc2)ccn1)[*:1],Fc1ccc(C[*:1])cc1,CHEMBL4452170
O=C(Nc1cc(-c2[nH]c(SCc3ccccc3)nc2-c2ccc(F)cc2)ccn1)[*:1],C1CCC([*:1])C1,CHEMBL4437018
O=C(Nc1cc(-c2c(-c3ccc([*:2])c([*:3])c3[*:5])nc([*:4])n2[*:6])ccn1)[*:1],C[*:4].c1ncn(CC[*:1])n1.[*:2].[*:3].[*:5].[*:6],CHEMBL4575716
O=C(Nc1cc(-c2c(-c3ccc([*:2])c([*:3])c3[*:5])nc([*:4])n2[*:6])ccn1)[*:1],C[*:4].c1nnnn1CC[*:1].[*:2].[*:3].[*:5].[*:6],CHEMBL4517450
O=C(Nc1cc(-c2c(-c3ccc([*:2])c([*:3])c3[*:5])nc([*:4])n2[*:6])ccn1)[*:1],C1CC1[*:1].F[*:2].[*:3].[*:4].[*:5].[*:6],CHEMBL4457096
O=C(Nc1cc(-c2c(-c3ccc([*:2])c([*:3])c3[*:5])nc([*:4])n2[*:6])ccn1)[*:1],C[*:1].F[*:2].c1ccc(CS[*:4])cc1.[*:3].[*:5].[*:6],CHEMBL4591390
O=C(Nc1cc(-c2c(-c3ccc([*:2])c([*:3])c3[*:5])nc([*:4])n2[*:6])ccn1)[*:1],C[*:1].F[*:2].NC(=O)[*:4].[*:3].[*:5].[*:6],CHEMBL4564217
O=C(Nc1cc(-c2c(-c3ccc([*:2])c([*:3])c3[*:5])nc([*:4])n2[*:6])ccn1)[*:1],C1CC1[*:1].CCOC(=O)[*:4].F[*:2].[*:3].[*:5].[*:6],CHEMBL4518634
O=C(Nc1cc(-c2c(-c3ccc([*:2])c([*:3])c3[*:5])nc([*:4])n2[*:6])ccn1)[*:1],CS[*:4].F[*:2].O=C1CC([*:1])C1.[*:3].[*:5].[*:6],CHEMBL4458096
O=C(Nc1cc(-c2c(-c3ccc([*:2])c([*:3])c3[*:5])nc([*:4])n2[*:6])ccn1)[*:1],CS[*:4].F[*:2].O=C1CCC([*:1])C1.[*:3].[*:5].[*:6],CHEMBL4571942
O=C(Nc1cc(-c2c(-c3ccc([*:2])c([*:3])c3[*:5])nc([*:4])n2[*:6])ccn1)[*:1],CS[*:4].ClC1CC([*:1])C1.F[*:2].[*:3].[*:5].[*:6],CHEMBL4435922_CHEMBL4446355
O=C(Nc1cc(-c2c(-c3ccc([*:2])c([*:3])c3[*:5])nc([*:4])n2[*:6])ccn1)[*:1],C1CC([*:1])C1.CS[*:4].F[*:2].[*:3].[*:5].[*:6],CHEMBL4561291
O=C(Nc1cc(-c2c(-c3ccc([*:2])c([*:3])c3[*:5])nc([*:4])n2[*:6])ccn1)[*:1],C1CCC([*:1])C1.CS[*:4].F[*:2].[*:3].[*:5].[*:6],CHEMBL4574237
O=C(Nc1cc(-c2c(-c3ccc([*:2])c([*:3])c3[*:5])nc([*:4])n2[*:6])ccn1)[*:1],C1COC([*:1])C1.CS[*:4].F[*:2].[*:3].[*:5].[*:6],CHEMBL4441042
O=C(Nc1cc(-c2c(-c3ccc([*:2])c([*:3])c3[*:5])nc([*:4])n2[*:6])ccn1)[*:1],C1CC1C[*:1].CS[*:4].F[*:2].[*:3].[*:5].[*:6],CHEMBL4434855
O=C(Nc1cc(-c2c(-c3ccc([*:2])c([*:3])c3[*:5])nc([*:4])n2[*:6])ccn1)[*:1],CS[*:4].F[*:2].c1cc([*:1])co1.[*:3].[*:5].[*:6],CHEMBL4555253
O=C(Nc1cc(-c2c(-c3ccc([*:2])c([*:3])c3[*:5])nc([*:4])n2[*:6])ccn1)[*:1],CS[*:4].F[*:2].O=C1CCCN1C[*:1].[*:3].[*:5].[*:6],CHEMBL4566059
O=C(Nc1cc(-c2c(-c3ccc([*:2])c([*:3])c3[*:5])nc([*:4])n2[*:6])ccn1)[*:1],CS[*:4].C[*:1].F[*:2].[*:3].[*:5].[*:6],CHEMBL1773425
O=C(Nc1cc(-c2c(-c3ccc([*:2])c([*:3])c3[*:5])nc([*:4])n2[*:6])ccn1)[*:1],C1CC1[*:1].C[S+]([O-])[*:4].F[*:2].[*:3].[*:5].[*:6],CHEMBL4589431
O=C(Nc1cc(-c2c(-c3ccc([*:2])c([*:3])c3[*:5])nc([*:4])n2[*:6])ccn1)[*:1],C1CC([*:1])C1.C[S+]([O-])[*:4].F[*:2].[*:3].[*:5].[*:6],CHEMBL4449570
O=C(Nc1cc(-c2c(-c3ccc([*:2])c([*:3])c3[*:5])nc([*:4])n2[*:6])ccn1)[*:1],C1CC1[*:1].C[*:4].F[*:2].[*:3].[*:5].[*:6],CHEMBL4455711
O=C(Nc1cc(-c2c(-c3ccc([*:2])c([*:3])c3[*:5])nc([*:4])n2[*:6])ccn1)[*:1],C[*:4].F[*:2].c1ncn(CC[*:1])n1.[*:3].[*:5].[*:6],CHEMBL4557420
O=C(Nc1cc(-c2c(-c3ccc([*:2])c([*:3])c3[*:5])nc([*:4])n2[*:6])ccn1)[*:1],C[*:4].F[*:2].c1nnnn1CC[*:1].[*:3].[*:5].[*:6],CHEMBL4466208
O=C(Nc1cc(-c2c(-c3ccc([*:2])c([*:3])c3[*:5])nc([*:4])n2[*:6])ccn1)[*:1],C1CC1[*:1].C[*:4].O[*:2].[*:3].[*:5].[*:6],CHEMBL4453072
O=C(Nc1cc(-c2c(-c3ccc([*:2])c([*:3])c3[*:5])nc([*:4])n2[*:6])ccn1)[*:1],C1CC1[*:1].F[*:2].NC(=O)[*:4].[*:3].[*:5].[*:6],CHEMBL4452444
O=C(Nc1cc(-c2c(-c3ccc([*:2])c([*:3])c3[*:5])nc([*:4])n2[*:6])ccn1)[*:1],C1CC1[*:1].F[*:2].c1ccc([*:4])cc1.[*:3].[*:5].[*:6],CHEMBL4568095
O=C(Nc1cc(-c2c(-c3ccc([*:2])c([*:3])c3[*:5])nc([*:4])n2[*:6])ccn1)[*:1],C1CC1[*:1].F[*:2].c1coc([*:4])c1.[*:3].[*:5].[*:6],CHEMBL4476843
O=C(Nc1cc(-c2c(-c3ccc([*:2])c([*:3])c3[*:5])nc([*:4])n2[*:6])ccn1)[*:1],C1CC1[*:1].F[*:2].OC[*:4].[*:3].[*:5].[*:6],CHEMBL4451444
O=C(Nc1cc(-c2c(-c3ccc([*:2])c([*:3])c3[*:5])nc([*:4])n2[*:6])ccn1)[*:1],C1CC1[*:1].CO[*:5].NC(=O)[*:4].[*:2].[*:3].[*:6],CHEMBL4456961
O=C(Nc1cc(-c2c(-c3ccc([*:2])c([*:3])c3[*:5])nc([*:4])n2[*:6])ccn1)[*:1],C1CC1[*:1].C[*:4].O[*:5].[*:2].[*:3].[*:6],CHEMBL4561980
O=C(Nc1cc(-c2c(-c3ccc([*:2])c([*:3])c3[*:5])nc([*:4])n2[*:6])ccn1)[*:1],C1CC1[*:1].NC(=O)[*:4].O[*:5].[*:2].[*:3].[*:6],CHEMBL4475312
O=C(Nc1cc(-c2c(-c3ccc([*:2])c([*:3])c3[*:5])nc([*:4])n2[*:6])ccn1)[*:1],C1CC1[*:1].C[*:4].O[*:3].[*:2].[*:5].[*:6],CHEMBL4514346
O=C(Nc1cc(-c2c(-c3ccc([*:2])c([*:3])c3[*:5])nc([*:4])n2[*:6])ccn1)[*:1],C1CC1[*:1].CS[*:4].C[*:6].F[*:2].[*:3].[*:5],CHEMBL1272270
O=C(Nc1cc(-c2c(-c3ccc([*:2])c([*:3])c3[*:5])nc([*:4])n2[*:6])ccn1)[*:1],C1CC1[*:1].C[*:4].F[*:2].F[*:3].[*:5].[*:6],CHEMBL4474740
O=C(Nc1cc(-c2c(-c3ccc([*:2])c([*:3])c3[*:5])nc([*:4])n2[*:6])ccn1)[*:1],C1CC1[*:1].C[*:3].C[*:4].F[*:2].[*:5].[*:6],CHEMBL4457174
c1cc(-c2nnc(SCc3ccc([*:1])c([*:2])c3)o2)cc([*:3])n1,CC(=O)N[*:3].[*:1].[*:2],CHEMBL2391100
c1cc(-c2nnc(SCc3ccc([*:1])c([*:2])c3)o2)cc([*:3])n1,COc1ccc([*:1])cc1.[*:2].[*:3],CHEMBL2391131
c1cc(-c2nnc(SCc3ccc([*:1])c([*:2])c3)o2)cc([*:3])n1,N#Cc1cc(F)ccc1[*:1].[*:2].[*:3],CHEMBL2391098
c1cc(-c2nnc(SCc3ccc([*:1])c([*:2])c3)o2)cc([*:3])n1,N#Cc1ccc([*:1])cc1.[*:2].[*:3],CHEMBL2390958
c1cc(-c2nnc(SCc3ccc([*:1])c([*:2])c3)o2)cc([*:3])n1,N#C[*:1].[*:2].[*:3],CHEMBL1352577
c1cc(-c2nnc(SCc3ccc([*:1])c([*:2])c3)o2)cc([*:3])n1,N#Cc1cccc([*:1])c1.[*:2].[*:3],CHEMBL2391132
c1cc(-c2nnc(SCc3ccc([*:1])c([*:2])c3)o2)cc([*:3])n1,N#Cc1ccccc1[*:1].[*:2].[*:3],CHEMBL2064536
c1cc(-c2nnc(SCc3ccc([*:1])c([*:2])c3)o2)cc([*:3])n1,c1ccc([*:1])cc1.[*:2].[*:3],CHEMBL2391099
c1cc(-c2nnc(SCc3ccc([*:1])c([*:2])c3)o2)cc([*:3])n1,O=[N+]([O-])c1ccccc1[*:1].[*:2].[*:3],CHEMBL2391133
c1cc(-c2nnc(SCc3ccc([*:1])c([*:2])c3)o2)cc([*:3])n1,I[*:2].[*:1].[*:3],CHEMBL288064
c1cc(-c2nnc(SCc3ccc([*:1])c([*:2])c3)o2)cc([*:3])n1,N#C[*:2].[*:1].[*:3],CHEMBL2064521
c1cc(-c2nnc(SCc3ccc([*:1])c([*:2])c3)o2)cc([*:3])n1,CC(=O)N[*:3].N#C[*:2].[*:1],CHEMBL2391101
Nc1ncnc2oc(-c3cccnc3)c(-c3ccc(N[*:1])cc3)c12,CC(=O)[*:1],CHEMBL403238
Nc1ncnc2oc(-c3cccnc3)c(-c3ccc(N[*:1])cc3)c12,CS(=O)(=O)[*:1],CHEMBL404488
Nc1ncnc2oc(-c3cccnc3)c(-c3ccc(N[*:1])cc3)c12,O=C(c1cccc(F)c1)[*:1],CHEMBL258259
Nc1ncnc2oc(-c3cccnc3)c(-c3ccc(N[*:1])cc3)c12,O=S(=O)(c1cccs1)[*:1],CHEMBL404507
Nc1ncnc2oc(-c3cccnc3)c(-c3ccc(N[*:1])cc3)c12,O=S(=O)(c1ccccc1)[*:1],CHEMBL258081
CC(=O)Nc1ccc2c(c1)c(-c1cc(NC3CC3)n3ncc(C#N)c3n1)cn2[*:1],[*:1],CHEMBL2062581
CC(=O)Nc1ccc2c(c1)c(-c1cc(NC3CC3)n3ncc(C#N)c3n1)cn2[*:1],O=C(O)CC[*:1],CHEMBL2062585
Cc1ccc(-c2ccc3occ(-c4ccc([*:1])c([*:2])c4)c3c2)o1,CC(=O)[*:1].[*:2],CHEMBL572779
Cc1ccc(-c2ccc3occ(-c4ccc([*:1])c([*:2])c4)c3c2)o1,CCS(=O)(=O)[*:1].[*:2],CHEMBL578628
Cc1ccc(-c2ccc3occ(-c4ccc([*:1])c([*:2])c4)c3c2)o1,CC[S+]([O-])[*:1].[*:2],CHEMBL574159_CHEMBL574613_CHEMBL575882
Cc1ccc(-c2ccc3occ(-c4ccc([*:1])c([*:2])c4)c3c2)o1,COC(=O)[*:1].[*:2],CHEMBL573480
Cc1ccc(-c2ccc3occ(-c4ccc([*:1])c([*:2])c4)c3c2)o1,COP(=O)(OC)[*:1].[*:2],CHEMBL578861
Cc1ccc(-c2ccc3occ(-c4ccc([*:1])c([*:2])c4)c3c2)o1,CO[*:1].[*:2],CHEMBL576183
Cc1ccc(-c2ccc3occ(-c4ccc([*:1])c([*:2])c4)c3c2)o1,CS[*:1].[*:2],CHEMBL572973
Cc1ccc(-c2ccc3occ(-c4ccc([*:1])c([*:2])c4)c3c2)o1,O=C(O)[*:1].[*:2],CHEMBL573257
Cc1ccc(-c2ccc3occ(-c4ccc([*:1])c([*:2])c4)c3c2)o1,F[*:1].[*:2],CHEMBL573007
Cc1ccc(-c2ccc3occ(-c4ccc([*:1])c([*:2])c4)c3c2)o1,NC(=O)[*:1].[*:2],CHEMBL576165
Cc1ccc(-c2ccc3occ(-c4ccc([*:1])c([*:2])c4)c3c2)o1,CS(=O)(=O)[*:1].[*:2],CHEMBL584757
Cc1ccc(-c2ccc3occ(-c4ccc([*:1])c([*:2])c4)c3c2)o1,CC(O)[*:1].[*:2],CHEMBL573933
Cc1ccc(-c2ccc3occ(-c4ccc([*:1])c([*:2])c4)c3c2)o1,O[*:1].[*:2],CHEMBL573192
Cc1ccc(-c2ccc3occ(-c4ccc([*:1])c([*:2])c4)c3c2)o1,C[S+]([O-])[*:1].[*:2],CHEMBL574588_CHEMBL574591_CHEMBL575021
Cc1ccc(-c2ccc3occ(-c4ccc([*:1])c([*:2])c4)c3c2)o1,CO[*:2].[*:1],CHEMBL573486
Cc1ccc(-c2ccc3occ(-c4ccc([*:1])c([*:2])c4)c3c2)o1,C[S+]([O-])[*:2].[*:1],CHEMBL573487
O=C(C=Cc1cnc2[nH]cc(-c3ccc([*:3])cc3)c2c1)NC([*:1])[*:2],[*:1].C1CN(C[*:2])CCO1.[*:3],CHEMBL3891139
O=C(C=Cc1cnc2[nH]cc(-c3ccc([*:3])cc3)c2c1)NC([*:1])[*:2],[*:1].c1ccc2c(C[*:2])c[nH]c2c1.[*:3],CHEMBL3943352
O=C(C=Cc1cnc2[nH]cc(-c3ccc([*:3])cc3)c2c1)NC([*:1])[*:2],[*:1].c1cnc2[nH]cc(C[*:2])c2c1.[*:3],CHEMBL4519014
O=C(C=Cc1cnc2[nH]cc(-c3ccc([*:3])cc3)c2c1)NC([*:1])[*:2],[*:1].c1nc(C[*:2])c[nH]1.[*:3],CHEMBL3960209
O=C(C=Cc1cnc2[nH]cc(-c3ccc([*:3])cc3)c2c1)NC([*:1])[*:2],[*:1].c1ccc(C[*:2])nc1.[*:3],CHEMBL3938724
O=C(C=Cc1cnc2[nH]cc(-c3ccc([*:3])cc3)c2c1)NC([*:1])[*:2],[*:1].c1ccc(C[*:2])cc1.[*:3],CHEMBL3961252
O=C(C=Cc1cnc2[nH]cc(-c3ccc([*:3])cc3)c2c1)NC([*:1])[*:2],[*:1].c1cc(C[*:2])ccn1.[*:3],CHEMBL3929715
O=C(C=Cc1cnc2[nH]cc(-c3ccc([*:3])cc3)c2c1)NC([*:1])[*:2],[*:1].c1cc2cc([*:2])ccc2[nH]1.[*:3],CHEMBL4559431
O=C(C=Cc1cnc2[nH]cc(-c3ccc([*:3])cc3)c2c1)NC([*:1])[*:2],[*:1].c1cc2c(cc1[*:2])CCO2.[*:3],CHEMBL4569903
O=C(C=Cc1cnc2[nH]cc(-c3ccc([*:3])cc3)c2c1)NC([*:1])[*:2],[*:1].c1ccc([*:2])nc1.[*:3],CHEMBL4472601
O=C(C=Cc1cnc2[nH]cc(-c3ccc([*:3])cc3)c2c1)NC([*:1])[*:2],[*:1].c1cncc([*:2])c1.[*:3],CHEMBL4583030
O=C(C=Cc1cnc2[nH]cc(-c3ccc([*:3])cc3)c2c1)NC([*:1])[*:2],[*:1].c1coc([*:2])c1.[*:3],CHEMBL4522289
O=C(C=Cc1cnc2[nH]cc(-c3ccc([*:3])cc3)c2c1)NC([*:1])[*:2],[*:1].c1ccc2[nH]c([*:2])nc2c1.[*:3],CHEMBL4451197
O=C(C=Cc1cnc2[nH]cc(-c3ccc([*:3])cc3)c2c1)NC([*:1])[*:2],[*:1].c1cncc(C[*:2])c1.[*:3],CHEMBL3919553
O=C(C=Cc1cnc2[nH]cc(-c3ccc([*:3])cc3)c2c1)NC([*:1])[*:2],[*:1].c1cc([*:2])ccn1.[*:3],CHEMBL4463440
O=C(C=Cc1cnc2[nH]cc(-c3ccc([*:3])cc3)c2c1)NC([*:1])[*:2],[*:1].c1ccc(C[*:2])nc1.CC(=O)[*:3],CHEMBL4521500
O=C(C=Cc1cnc2[nH]cc(-c3ccc([*:3])cc3)c2c1)NC([*:1])[*:2],[*:1].c1cc([*:2])ccn1.CC(=O)[*:3],CHEMBL4579826
O=C(C=Cc1cnc2[nH]cc(-c3ccc([*:3])cc3)c2c1)NC([*:1])[*:2],[*:1].c1cc([*:2])ccn1.CO[*:3],CHEMBL4468662
O=C(C=Cc1cnc2[nH]cc(-c3ccc([*:3])cc3)c2c1)NC([*:1])[*:2],[*:1].c1cc([*:2])ccn1.CS(=O)(=O)[*:3],CHEMBL4557360
O=C(C=Cc1cnc2[nH]cc(-c3ccc([*:3])cc3)c2c1)NC([*:1])[*:2],[*:1].c1cc([*:2])ccn1.N#C[*:3],CHEMBL4556527
O=C(C=Cc1cnc2[nH]cc(-c3ccc([*:3])cc3)c2c1)NC([*:1])[*:2],[*:1].c1cc([*:2])ccn1.NC(=O)[*:3],CHEMBL4543687
O=C(C=Cc1cnc2[nH]cc(-c3ccc([*:3])cc3)c2c1)NC([*:1])[*:2],[*:1].c1cc([*:2])ccn1.F[*:3],CHEMBL4443821
O=C(C=Cc1cnc2[nH]cc(-c3ccc([*:3])cc3)c2c1)NC([*:1])[*:2],OC(c1ccccc1)[*:1].C[*:2].[*:3],CHEMBL3933780
O=C(C=Cc1cnc2[nH]cc(-c3ccc([*:3])cc3)c2c1)NC([*:1])[*:2],OC[*:1].c1ccc(C[*:2])cc1.[*:3],CHEMBL3901767
O=C(C=Cc1cnc2[nH]cc([*:1])c2c1)NCc1ccncc1,c1cncc([*:1])c1,CHEMBL4527984
O=C(C=Cc1cnc2[nH]cc([*:1])c2c1)NCc1ccncc1,c1cc([*:1])ccn1,CHEMBL4449746
c1cc(-c2c([*:6])nn3nc([*:4])ccc23)nc(Nc2cc([*:2])c([*:1])c([*:3])c2[*:5])n1,CC(C)(C)[*:1].[*:2].[*:3].[*:4].[*:5].[*:6],CHEMBL364587
c1cc(-c2c([*:6])nn3nc([*:4])ccc23)nc(Nc2cc([*:2])c([*:1])c([*:3])c2[*:5])n1,CO[*:3].[*:1].[*:2].[*:4].[*:5].[*:6],CHEMBL187081
c1cc(-c2c([*:6])nn3nc([*:4])ccc23)nc(Nc2cc([*:2])c([*:1])c([*:3])c2[*:5])n1,C[*:5].[*:1].[*:2].[*:3].[*:4].[*:6],CHEMBL366259
c1cc(-c2c([*:6])nn3nc([*:4])ccc23)nc(Nc2cc([*:2])c([*:1])c([*:3])c2[*:5])n1,CO[*:2].CO[*:3].[*:1].[*:4].[*:5].[*:6],CHEMBL359999
c1cc(-c2c([*:6])nn3nc([*:4])ccc23)nc(Nc2cc([*:2])c([*:1])c([*:3])c2[*:5])n1,C[*:2].C[*:3].[*:1].[*:4].[*:5].[*:6],CHEMBL186101
c1cc(-c2c([*:6])nn3nc([*:4])ccc23)nc(Nc2cc([*:2])c([*:1])c([*:3])c2[*:5])n1,CO[*:4].FC(F)(F)O[*:3].[*:1].[*:2].[*:5].[*:6],CHEMBL365248
c1cc(-c2c([*:6])nn3nc([*:4])ccc23)nc(Nc2cc([*:2])c([*:1])c([*:3])c2[*:5])n1,F[*:3].F[*:1].[*:2].[*:4].[*:5].[*:6],CHEMBL364370
c1cc(-c2c([*:6])nn3nc([*:4])ccc23)nc(Nc2cc([*:2])c([*:1])c([*:3])c2[*:5])n1,C[*:4].FC(F)(F)[*:3].c1ccc([*:6])cc1.[*:1].[*:2].[*:5],CHEMBL434729
Cn1c(N2CCOC([*:1])([*:2])C2[*:3])nc(-c2ccncc2F)cc1=O,[*:1].[*:2].[*:3],CHEMBL3401114
Cn1c(N2CCOC([*:1])([*:2])C2[*:3])nc(-c2ccncc2F)cc1=O,[*:1].CC(C)[*:2].[*:3],CHEMBL3401115
Cn1c(N2CCOC([*:1])([*:2])C2[*:3])nc(-c2ccncc2F)cc1=O,[*:1].CCCC[*:2].[*:3],CHEMBL3401116
Cn1c(N2CCOC([*:1])([*:2])C2[*:3])nc(-c2ccncc2F)cc1=O,[*:1].C1CC([*:2])C1.[*:3],CHEMBL3401117
Cn1c(N2CCOC([*:1])([*:2])C2[*:3])nc(-c2ccncc2F)cc1=O,[*:1].[*:2].CC(C)[*:3],CHEMBL3401120
Cn1c(N2CCOC([*:1])([*:2])C2[*:3])nc(-c2ccncc2F)cc1=O,[*:1].[*:2].C[*:3],CHEMBL3401118_CHEMBL3401121
Cn1c(N2CCOC([*:1])([*:2])C2[*:3])nc(-c2ccncc2F)cc1=O,[*:1].[*:2].CC[*:3],CHEMBL3401119_CHEMBL3401122
Cn1c(N2CCOC([*:1])([*:2])C2[*:3])nc(-c2ccncc2F)cc1=O,[*:1].C[*:2].C[*:3],CHEMBL3401125_CHEMBL3401126_CHEMBL3401127
Cn1c(N2CCOC([*:1])([*:2])C2[*:3])nc(-c2ccncc2F)cc1=O,C[*:1].C[*:2].C[*:3],CHEMBL3401128
O=c1cc(-c2ccncc2)nc([*:1])[nH]1,C[*:1],CHEMBL3093035
O=c1cc(-c2ccncc2)nc([*:1])[nH]1,c1ccc([*:1])cc1,CHEMBL3093039
O=c1cc(-c2ccncc2)nc(CC(C[*:1])[*:2])n1[*:3],C[*:2].[*:1].[*:3],CHEMBL3093038
O=c1cc(-c2ccncc2)nc(CC(C[*:1])[*:2])n1[*:3],C[*:1].[*:2].[*:3],CHEMBL3093036
O=c1cc(-c2ccncc2)nc(CC(C[*:1])[*:2])n1[*:3],c1ccc([*:1])cc1.[*:2].[*:3],CHEMBL3093042
O=c1cc(-c2ccncc2)nc(CC(C[*:1])[*:2])n1[*:3],CC[*:3].c1ccc([*:1])cc1.[*:2],CHEMBL3093044
O=c1cc(-c2ccncc2)nc(CC(C[*:1])[*:2])n1[*:3],C[*:3].c1ccc([*:1])cc1.[*:2],CHEMBL3093043
O=c1cc(-c2ccncc2)nc(C([*:1])[*:2])[nH]1,[*:1].c1ccc(C[*:2])cc1,CHEMBL3093041
O=c1cc(-c2ccncc2)nc(C([*:1])[*:2])[nH]1,[*:1].c1ccc([*:2])cc1,CHEMBL3093040
O=c1cc(-c2ccncc2)nc(C([*:1])[*:2])[nH]1,C[*:1].C[*:2],CHEMBL3093037
O=S(=O)(Nc1ccc(-c2nc(-c3ccnc(Nc4ccc([*:1])c([*:2])c4[*:3])c3)no2)cc1)[*:4],CC(C)(C)c1ccc([*:4])cc1.Cl[*:2].[*:1].[*:3],CHEMBL4783062
O=S(=O)(Nc1ccc(-c2nc(-c3ccnc(Nc4ccc([*:1])c([*:2])c4[*:3])c3)no2)cc1)[*:4],CC(C)(C)c1ccc([*:4])cc1.C[*:2].[*:1].[*:3],CHEMBL4751438
O=S(=O)(Nc1ccc(-c2nc(-c3ccnc(Nc4ccc([*:1])c([*:2])c4[*:3])c3)no2)cc1)[*:4],CC(C)(C)c1ccc([*:4])cc1.CC[*:1].[*:2].[*:3],CHEMBL4752122
O=S(=O)(Nc1ccc(-c2nc(-c3ccnc(Nc4ccc([*:1])c([*:2])c4[*:3])c3)no2)cc1)[*:4],CC(C)(C)c1ccc([*:4])cc1.CO[*:1].[*:2].[*:3],CHEMBL4757059
O=S(=O)(Nc1ccc(-c2nc(-c3ccnc(Nc4ccc([*:1])c([*:2])c4[*:3])c3)no2)cc1)[*:4],CC(C)(C)c1ccc([*:4])cc1.C[*:1].[*:2].[*:3],CHEMBL4793635
O=S(=O)(Nc1ccc(-c2nc(-c3ccnc(Nc4ccc([*:1])c([*:2])c4[*:3])c3)no2)cc1)[*:4],FC(F)(F)O[*:1].Fc1ccc([*:4])cc1.[*:2].[*:3],CHEMBL4741761
O=S(=O)(Nc1ccc(-c2nc(-c3ccnc(Nc4ccc([*:1])c([*:2])c4[*:3])c3)no2)cc1)[*:4],Brc1ccc([*:4])cc1.FC(F)(F)O[*:1].[*:2].[*:3],CHEMBL4743208
O=S(=O)(Nc1ccc(-c2nc(-c3ccnc(Nc4ccc([*:1])c([*:2])c4[*:3])c3)no2)cc1)[*:4],FC(F)(F)O[*:1].c1csc([*:4])c1.[*:2].[*:3],CHEMBL4740478
O=S(=O)(Nc1ccc(-c2nc(-c3ccnc(Nc4ccc([*:1])c([*:2])c4[*:3])c3)no2)cc1)[*:4],Clc1ccc([*:4])s1.FC(F)(F)O[*:1].[*:2].[*:3],CHEMBL4797249
O=S(=O)(Nc1ccc(-c2nc(-c3ccnc(Nc4ccc([*:1])c([*:2])c4[*:3])c3)no2)cc1)[*:4],CC(C)(C)c1ccc([*:4])cc1.C[*:3].[*:1].[*:2],CHEMBL4794134
O=S(=O)(Nc1ccc(-c2nc(-c3ccnc(Nc4ccc([*:1])c([*:2])c4[*:3])c3)no2)cc1)[*:4],CC(C)(C)c1ccc([*:4])cc1.F[*:2].F[*:1].[*:3],CHEMBL4799574
O=S(=O)(Nc1ccc(-c2nc(-c3ccnc(Nc4ccc([*:1])c([*:2])c4[*:3])c3)no2)cc1)[*:4],CC(C)(C)c1ccc([*:4])cc1.Cl[*:1].F[*:3].[*:2],CHEMBL4792822
O=C1NC(=O)C(c2cnc3ccc([*:3])cn23)=C1c1cn2c3c(cc([*:2])cc13)CN(C(=O)[*:1])C([*:4])C2,CC(C)O[*:1].[*:2].[*:3].[*:4],CHEMBL363058
O=C1NC(=O)C(c2cnc3ccc([*:3])cn23)=C1c1cn2c3c(cc([*:2])cc13)CN(C(=O)[*:1])C([*:4])C2,CN(C)[*:1].[*:2].[*:3].[*:4],CHEMBL362814
O=C1NC(=O)C(c2cnc3ccc([*:3])cn23)=C1c1cn2c3c(cc([*:2])cc13)CN(C(=O)[*:1])C([*:4])C2,C1CCN([*:1])CC1.[*:2].[*:3].[*:4],CHEMBL362588
O=C1NC(=O)C(c2cnc3ccc([*:3])cn23)=C1c1cn2c3c(cc([*:2])cc13)CN(C(=O)[*:1])C([*:4])C2,C1CN([*:1])CCO1.[*:2].[*:3].[*:4],CHEMBL178737
O=C1NC(=O)C(c2cnc3ccc([*:3])cn23)=C1c1cn2c3c(cc([*:2])cc13)CN(C(=O)[*:1])C([*:4])C2,CC(C)O[*:4].[*:1].[*:2].[*:3],CHEMBL4164416
O=C1NC(=O)C(c2cnc3ccc([*:3])cn23)=C1c1cn2c3c(cc([*:2])cc13)CN(C(=O)[*:1])C([*:4])C2,CN(C)[*:4].[*:1].[*:2].[*:3],CHEMBL4169204
O=C1NC(=O)C(c2cnc3ccc([*:3])cn23)=C1c1cn2c3c(cc([*:2])cc13)CN(C(=O)[*:1])C([*:4])C2,C1CCN([*:4])CC1.[*:1].[*:2].[*:3],CHEMBL4172295
O=C1NC(=O)C(c2cnc3ccc([*:3])cn23)=C1c1cn2c3c(cc([*:2])cc13)CN(C(=O)[*:1])C([*:4])C2,C1CN([*:4])CCO1.[*:1].[*:2].[*:3],CHEMBL4162850
O=C1NC(=O)C(c2cnc3ccc([*:3])cn23)=C1c1cn2c3c(cc([*:2])cc13)CN(C(=O)[*:1])C([*:4])C2,C1CCN([*:1])CC1.C[*:2].[*:3].[*:4],CHEMBL186290
O=C1NC(=O)C(c2cnc3ccc([*:3])cn23)=C1c1cn2c3c(cc([*:2])cc13)CN(C(=O)[*:1])C([*:4])C2,C1CCN([*:1])CC1.F[*:2].[*:3].[*:4],CHEMBL362558
O=C1NC(=O)C(c2cnc3ccc([*:3])cn23)=C1c1cn2c3c(cc([*:2])cc13)CN(C(=O)[*:1])C([*:4])C2,C1CCN([*:4])CC1.C[*:3].[*:1].[*:2],CHEMBL4161007
O=C1NC(=O)C(c2cnc3ccc([*:3])cn23)=C1c1cn2c3c(cc([*:2])cc13)CN(C(=O)[*:1])C([*:4])C2,C1CCN([*:4])CC1.F[*:2].[*:1].[*:3],CHEMBL4165510
NC(=O)c1cnc(-c2ccnc(NC(=O)C3CC3)c2)cc1O[*:1],CC(C)[*:1],CHEMBL3410107
NC(=O)c1cnc(-c2ccnc(NC(=O)C3CC3)c2)cc1O[*:1],C[*:1],CHEMBL3410105
NC(=O)c1cnc(-c2ccnc(NC(=O)C3CC3)c2)cc1O[*:1],FC(F)(F)C[*:1],CHEMBL3410106
c1cnc2c(C(C[*:1])[*:3])c(-c3ccc([*:2])cc3)[nH]c2n1,C[*:3].Cl[*:2].[*:1],CHEMBL77217
c1cnc2c(C(C[*:1])[*:3])c(-c3ccc([*:2])cc3)[nH]c2n1,CC[*:1].O[*:2].[*:3],CHEMBL75680
Nc1c(F)c(NC(C[*:1])[*:3])c([*:2])c2c1c(=O)c(C(=O)O)cn2C1CC1,c1ccc(N[*:1])nc1.[*:2].[*:3],CHEMBL1834315
Nc1c(F)c(NC(C[*:1])[*:3])c([*:2])c2c1c(=O)c(C(=O)O)cn2C1CC1,C[*:3].F[*:2].[*:1],CHEMBL1834109
Nc1c(F)c(NC(C[*:1])[*:3])c([*:2])c2c1c(=O)c(C(=O)O)cn2C1CC1,CC(C)OC[*:1].F[*:2].[*:3],CHEMBL1834121
Nc1c(F)c(NC(C[*:1])[*:3])c([*:2])c2c1c(=O)c(C(=O)O)cn2C1CC1,CO[*:2].c1ccc(C[*:1])cc1.[*:3],CHEMBL1834123
Nc1c(F)c(NC(C[*:1])[*:3])c([*:2])c2c1c(=O)c(C(=O)O)cn2C1CC1,CO[*:2].c1ccc(N[*:1])nc1.[*:3],CHEMBL1834316
Nc1c(F)c(NC(C[*:1])[*:3])c([*:2])c2c1c(=O)c(C(=O)O)cn2C1CC1,F[*:2].c1ccc(CC[*:1])cc1.[*:3],CHEMBL1834115
Nc1c(F)c(NC(C[*:1])[*:3])c([*:2])c2c1c(=O)c(C(=O)O)cn2C1CC1,C1CN([*:1])CCO1.F[*:2].[*:3],CHEMBL1834112
Nc1c(F)c(NC(C[*:1])[*:3])c([*:2])c2c1c(=O)c(C(=O)O)cn2C1CC1,F[*:2].c1cn(C[*:1])cn1.[*:3],CHEMBL1834117
Nc1c(F)c(NC(C[*:1])[*:3])c([*:2])c2c1c(=O)c(C(=O)O)cn2C1CC1,F[*:2].c1ccc(C[*:1])cc1.[*:3],CHEMBL1834114
Nc1c(F)c(NC(C[*:1])[*:3])c([*:2])c2c1c(=O)c(C(=O)O)cn2C1CC1,F[*:2].c1ccc(N[*:1])nc1.[*:3],CHEMBL1834120
Nc1c(F)c(NC(C[*:1])[*:3])c([*:2])c2c1c(=O)c(C(=O)O)cn2C1CC1,F[*:2].c1ccc2c([*:1])c[nH]c2c1.[*:3],CHEMBL1834111
Nc1c(F)c(NC(C[*:1])[*:3])c([*:2])c2c1c(=O)c(C(=O)O)cn2C1CC1,F[*:2].c1ccc([*:1])cc1.[*:3],CHEMBL1834113
Nc1c(F)c(NC(C[*:1])[*:3])c([*:2])c2c1c(=O)c(C(=O)O)cn2C1CC1,F[*:2].c1cc([*:1])ccn1.[*:3],CHEMBL1834119
Nc1c(F)c(NC(C[*:1])[*:3])c([*:2])c2c1c(=O)c(C(=O)O)cn2C1CC1,F[*:2].c1cn([*:1])cn1.[*:3],CHEMBL1834116
O=C(Nc1cc(-c2nc([*:1])c([*:2])s2)ccn1)C1CC1,NC(=O)[*:2].[*:1],CHEMBL3410087
O=C(Nc1cc(-c2nc([*:1])c([*:2])s2)ccn1)C1CC1,CC(C)O[*:1].NC(=O)[*:2],CHEMBL3410090
O=C(Nc1cc(-c2nc([*:1])c([*:2])s2)ccn1)C1CC1,CO[*:1].NC(=O)[*:2],CHEMBL3410089
O=C(Nc1cc(-c2nc([*:1])c([*:2])s2)ccn1)C1CC1,CO[*:2].NC(=O)[*:1],CHEMBL3410093
O=C(Nc1cc(-c2nc([*:1])c([*:2])s2)ccn1)C1CC1,C[*:1].NC(=O)[*:2],CHEMBL3410088
O=C(Nc1cc(-c2nc([*:1])c([*:2])s2)ccn1)C1CC1,C1CC(O[*:1])C1.NC(=O)[*:2],CHEMBL3410092
O=C(Nc1cc(-c2nc([*:1])c([*:2])s2)ccn1)C1CC1,C1CC1CO[*:1].NC(=O)[*:2],CHEMBL3410091
NC(=O)c1cnc(-c2ccnc(NC(=O)C3CC3)c2)nc1O[*:1],CC(C)[*:1],CHEMBL3410111
NC(=O)c1cnc(-c2ccnc(NC(=O)C3CC3)c2)nc1O[*:1],C[*:1],CHEMBL3410110
CC1CC(c2ccncc2NC(=O)c2nc([*:2])c([*:1])cc2[*:3])CC([*:4])C1([*:5])[*:6],F[*:1].Fc1cccc(F)c1[*:2].N[*:4].[*:3].[*:5].[*:6],CHEMBL3651966
CC1CC(c2ccncc2NC(=O)c2nc([*:2])c([*:1])cc2[*:3])CC([*:4])C1([*:5])[*:6],C[*:5].Fc1cccnc1[*:2].N[*:3].O[*:4].O[*:6].[*:1],CHEMBL4781112
Nc1c(F)c(NCCNc2ccccn2)c2c3c1c(=O)c(C(=O)O)cn3C([*:3])([*:4])C([*:1])([*:2])O2,[*:1].[*:2].[*:3].CC(C)[*:4],CHEMBL1834324_CHEMBL1834325
Nc1c(F)c(NCCNc2ccccn2)c2c3c1c(=O)c(C(=O)O)cn3C([*:3])([*:4])C([*:1])([*:2])O2,[*:1].[*:2].C[*:3].C[*:4],CHEMBL1834326
Nc1c(F)c(NCCNc2ccccn2)c2c3c1c(=O)c(C(=O)O)cn3C([*:3])([*:4])C([*:1])([*:2])O2,C[*:1].C[*:2].[*:3].[*:4],CHEMBL1834327
Nc1c(F)c(NCCNc2ccccn2)c2c3c1c(=O)c(C(=O)O)cn3C1(CCC1)C([*:2])C([*:1])O2,[*:1].[*:2],CHEMBL1940905
Nc1c(F)c(NCCNc2ccccn2)c2c3c1c(=O)c(C(=O)O)cn3C1(CCC1)C([*:2])C([*:1])O2,C[*:1].[*:2],CHEMBL1940908
Nc1c(F)c(NCCNc2ccccn2)c2c3c1c(=O)c(C(=O)O)cn3C1(CCC1)C([*:2])C([*:1])O2,C[*:2].[*:1],CHEMBL1940907
CCCC(=O)Nc1n[nH]c2cc([*:1])c([*:2])cc12,CC=C[*:1].[*:2],CHEMBL1086176
CCCC(=O)Nc1n[nH]c2cc([*:1])c([*:2])cc12,Nc1ccc([*:1])cn1.[*:2],CHEMBL1083209
CCCC(=O)Nc1n[nH]c2cc([*:1])c([*:2])cc12,c1cncc([*:1])c1.[*:2],CHEMBL1085918
CCCC(=O)Nc1n[nH]c2cc([*:1])c([*:2])cc12,c1cc([*:1])ccn1.[*:2],CHEMBL1086782
CCCC(=O)Nc1n[nH]c2cc([*:1])c([*:2])cc12,c1cc([*:1])cs1.[*:2],CHEMBL1083208
CCCC(=O)Nc1n[nH]c2cc([*:1])c([*:2])cc12,Br[*:1].[*:2],CHEMBL1086780
CCCC(=O)Nc1n[nH]c2cc([*:1])c([*:2])cc12,c1ccc(C[*:1])cc1.[*:2],CHEMBL1077260
CCCC(=O)Nc1n[nH]c2cc([*:1])c([*:2])cc12,c1cc([*:1])co1.[*:2],CHEMBL1086781
CCCC(=O)Nc1n[nH]c2cc([*:1])c([*:2])cc12,FC(F)(F)[*:1].[*:2],CHEMBL1086640
CCCC(=O)Nc1n[nH]c2cc([*:1])c([*:2])cc12,Cl[*:1].[*:2],CHEMBL1082235
CCCC(=O)Nc1n[nH]c2cc([*:1])c([*:2])cc12,Cl[*:1].c1cc([*:2])co1,CHEMBL1077218
CCCC(=O)Nc1n[nH]c2cc([*:1])c([*:2])cc12,Cl[*:1].c1cc([*:2])ccn1,CHEMBL1077233
CCCC(=O)Nc1n[nH]c2cc([*:1])c([*:2])cc12,Br[*:2].Cl[*:1],CHEMBL1089722
CCCC(=O)Nc1n[nH]c2c([*:2])c(Cl)c(-c3ccc([*:1])cc3)cc12,Cl[*:2].[*:1],CHEMBL1097003
CCCC(=O)Nc1n[nH]c2c([*:2])c(Cl)c(-c3ccc([*:1])cc3)cc12,F[*:2].[*:1],CHEMBL1086427
CCCC(=O)Nc1n[nH]c2c([*:2])c(Cl)c(-c3ccc([*:1])cc3)cc12,C[*:1].[*:2],CHEMBL1097694
CCCC(=O)Nc1n[nH]c2c([*:2])c(Cl)c(-c3ccc([*:1])cc3)cc12,N[*:1].[*:2],CHEMBL1095041
CCCC(=O)Nc1n[nH]c2c([*:2])c(Cl)c(-c3ccc([*:1])cc3)cc12,O[*:1].[*:2],CHEMBL1095366
CCCC(=O)Nc1n[nH]c2c([*:2])c(Cl)c(-c3ccc([*:1])cc3)cc12,F[*:1].[*:2],CHEMBL1091082
CCCC(=O)Nc1n[nH]c2c([*:2])c(Cl)c(-c3ccc([*:1])cc3)cc12,CC[*:1].[*:2],CHEMBL1077213
CCCC(=O)Nc1n[nH]c2c([*:2])c(Cl)c(-c3ccc([*:1])cc3)cc12,O=[N+]([O-])[*:1].[*:2],CHEMBL1091081
CCCC(=O)Nc1n[nH]c2c([*:2])c(Cl)c(-c3ccc([*:1])cc3)cc12,c1ccc(CO[*:1])cc1.[*:2],CHEMBL1091083
CCCC(=O)Nc1n[nH]c2cc(-c3cc([*:2])c([*:1])c([*:3])c3[*:4])c([*:5])cc12,[*:1].[*:2].[*:3].[*:4].[*:5],CHEMBL1086174
CCCC(=O)Nc1n[nH]c2cc(-c3cc([*:2])c([*:1])c([*:3])c3[*:4])c([*:5])cc12,F[*:1].[*:2].[*:3].[*:4].[*:5],CHEMBL1084681
CCCC(=O)Nc1n[nH]c2cc(-c3cc([*:2])c([*:1])c([*:3])c3[*:4])c([*:5])cc12,N[*:1].[*:2].[*:3].[*:4].[*:5],CHEMBL1086638
CCCC(=O)Nc1n[nH]c2cc(-c3cc([*:2])c([*:1])c([*:3])c3[*:4])c([*:5])cc12,CC(C)(C)[*:1].[*:2].[*:3].[*:4].[*:5],CHEMBL1095039
CCCC(=O)Nc1n[nH]c2cc(-c3cc([*:2])c([*:1])c([*:3])c3[*:4])c([*:5])cc12,CS[*:1].[*:2].[*:3].[*:4].[*:5],CHEMBL1077258
CCCC(=O)Nc1n[nH]c2cc(-c3cc([*:2])c([*:1])c([*:3])c3[*:4])c([*:5])cc12,c1ccc(CO[*:1])cc1.[*:2].[*:3].[*:4].[*:5],CHEMBL1085927
CCCC(=O)Nc1n[nH]c2cc(-c3cc([*:2])c([*:1])c([*:3])c3[*:4])c([*:5])cc12,FC(F)(F)O[*:1].[*:2].[*:3].[*:4].[*:5],CHEMBL1084683
CCCC(=O)Nc1n[nH]c2cc(-c3cc([*:2])c([*:1])c([*:3])c3[*:4])c([*:5])cc12,O[*:3].[*:1].[*:2].[*:4].[*:5],CHEMBL1086639
CCCC(=O)Nc1n[nH]c2cc(-c3cc([*:2])c([*:1])c([*:3])c3[*:4])c([*:5])cc12,Cl[*:4].[*:1].[*:2].[*:3].[*:5],CHEMBL1086175
CCCC(=O)Nc1n[nH]c2cc(-c3cc([*:2])c([*:1])c([*:3])c3[*:4])c([*:5])cc12,c1ccc([*:5])cc1.[*:1].[*:2].[*:3].[*:4],CHEMBL1093746
CCCC(=O)Nc1n[nH]c2cc(-c3cc([*:2])c([*:1])c([*:3])c3[*:4])c([*:5])cc12,Cl[*:2].Cl[*:3].[*:1].[*:4].[*:5],CHEMBL1084682
CCCC(=O)Nc1n[nH]c2cc(-c3cc([*:2])c([*:1])c([*:3])c3[*:4])c([*:5])cc12,F[*:2].F[*:3].[*:1].[*:4].[*:5],CHEMBL1095038
CCCC(=O)Nc1n[nH]c2cc(-c3cc([*:2])c([*:1])c([*:3])c3[*:4])c([*:5])cc12,O[*:1].c1ccc([*:5])cc1.[*:2].[*:3].[*:4],CHEMBL1093745
CCCC(=O)Nc1n[nH]c2cc(-c3cc([*:2])c([*:1])c([*:3])c3[*:4])c([*:5])cc12,O[*:1].Oc1ccc([*:5])cc1.[*:2].[*:3].[*:4],CHEMBL1093390
CCCC(=O)Nc1n[nH]c2cc(-c3cc([*:2])c([*:1])c([*:3])c3[*:4])c([*:5])cc12,O[*:1].c1cncc([*:5])c1.[*:2].[*:3].[*:4],CHEMBL1092802
CCCC(=O)Nc1n[nH]c2cc(-c3cc([*:2])c([*:1])c([*:3])c3[*:4])c([*:5])cc12,CCc1ccc([*:5])cc1.O[*:1].[*:2].[*:3].[*:4],CHEMBL1093079
CCCC(=O)Nc1n[nH]c2cc(-c3cc([*:2])c([*:1])c([*:3])c3[*:4])c([*:5])cc12,O[*:1].c1coc([*:5])c1.[*:2].[*:3].[*:4],CHEMBL1089723
CCCC(=O)Nc1n[nH]c2cc(-c3cc([*:2])c([*:1])c([*:3])c3[*:4])c([*:5])cc12,O[*:1].c1cc([*:5])co1.[*:2].[*:3].[*:4],CHEMBL1077243
CCCC(=O)Nc1n[nH]c2cc(-c3cc([*:2])c([*:1])c([*:3])c3[*:4])c([*:5])cc12,Cl[*:4].O[*:1].[*:2].[*:3].[*:5],CHEMBL1088618
c1cc(-c2nc3c(N[*:1])ncnc3[nH]2)cc([*:2])c1,c1ccc([*:1])cc1.[*:2],CHEMBL1210175
c1cc(-c2nc3c(N[*:1])ncnc3[nH]2)cc([*:2])c1,CCCCC(=O)[*:1].N#C[*:2],CHEMBL1210476
c1cc(-c2nc3c(N[*:1])ncnc3[nH]2)cc([*:2])c1,N#C[*:2].O=C(C1CC1)[*:1],CHEMBL1210405
c1cc(-c2nc3c(N[*:1])ncnc3[nH]2)cc([*:2])c1,N#C[*:2].c1ccc([*:1])cc1,CHEMBL1210236
c1cc(-c2nc3c(N[*:1])ncnc3[nH]2)cc([*:2])c1,Cl[*:2].O=C(C1CC1)[*:1],CHEMBL1210310
O=C(Nc1ncnc2oc(-c3ccc([*:2])cc3)cc12)[*:1],C1CC1[*:1].[*:2],CHEMBL360534
O=C(Nc1ncnc2oc(-c3ccc([*:2])cc3)cc12)[*:1],C1CCC([*:1])C1.[*:2],CHEMBL183038
O=C(Nc1ncnc2oc(-c3ccc([*:2])cc3)cc12)[*:1],CCCCC[*:1].CO[*:2],CHEMBL360878
O=C(Nc1ncnc2oc(-c3ccc([*:2])cc3)cc12)[*:1],CC(C)[*:1].CO[*:2],CHEMBL183077
O=C(Nc1ncnc2oc(-c3ccc([*:2])cc3)cc12)[*:1],C1CC1[*:1].CO[*:2],CHEMBL362030
O=C(Nc1ncnc2oc(-c3ccc([*:2])cc3)cc12)[*:1],C1CCC([*:1])C1.CO[*:2],CHEMBL181959
O=C(Nc1ncnc2oc(-c3ccc([*:2])cc3)cc12)[*:1],C1CCC([*:1])CC1.CO[*:2],CHEMBL360340
O=C(Nc1ncnc2oc(-c3ccc([*:2])cc3)cc12)[*:1],CO[*:2].CSCC[*:1],CHEMBL182560
O=C(Nc1ncnc2oc(-c3ccc([*:2])cc3)cc12)[*:1],C1CCN([*:1])C1.CO[*:2],CHEMBL181856
O=C(Nc1ncnc2oc(-c3ccc([*:2])cc3)cc12)[*:1],C1CCC(C[*:1])C1.CO[*:2],CHEMBL182891
O=C(Nc1ncnc2oc(-c3ccc([*:2])cc3)cc12)[*:1],CO[*:2].c1coc([*:1])c1,CHEMBL183742
O=C(Nc1ncnc2oc(-c3ccc([*:2])cc3)cc12)[*:1],C1CC1[*:1].C[*:2],CHEMBL182283
O=C(Nc1ncnc2oc(-c3ccc([*:2])cc3)cc12)[*:1],C1CCC([*:1])C1.C[*:2],CHEMBL182007
O=C(Nc1ncnc2oc(-c3ccc([*:2])cc3)cc12)[*:1],C1CC1[*:1].F[*:2],CHEMBL183504
O=C(Nc1ncnc2oc(-c3ccc([*:2])cc3)cc12)[*:1],C1CCC([*:1])C1.Cl[*:2],CHEMBL183171
O=C(Nc1ncnc2oc(-c3ccc([*:2])cc3)cc12)[*:1],C1CC1[*:1].Cl[*:2],CHEMBL182904
O=C(Nc1ncnc2oc(-c3ccc([*:2])cc3)cc12)[*:1],C1CCC([*:1])C1.F[*:2],CHEMBL185922
CCCCCCCCCCCC(=O)NNC(=O)C1Sc2ccccc2N(C[*:1])C1=O,c1ccc([*:1])cc1,CHEMBL3358803
CCCCCCCCCCCC(=O)NNC(=O)C1Sc2ccccc2N(C[*:1])C1=O,C[*:1],CHEMBL3358802
O=C(CCCCCCCC[*:1])OCC(O)C1OC(=O)C(O)=C1O,C[*:1],CHEMBL218301
O=C(CCCCCCCC[*:1])OCC(O)C1OC(=O)C(O)=C1O,CCCCC[*:1],CHEMBL219346
O=C1NC(=O)C2=C1c1cn(c3ccccc13)CCOCCN([*:1])CCOCCn1cc2c2ccccc21,CC[*:1],CHEMBL103055
O=C1NC(=O)C2=C1c1cn(c3ccccc13)CCOCCN([*:1])CCOCCn1cc2c2ccccc21,C[*:1],CHEMBL106061
O=C1NC(=O)C2=C1c1cn(c3ccccc13)CCOCCN([*:1])CCOCCn1cc2c2ccccc21,OCC[*:1],CHEMBL321529
O=c1cc(-c2ccncc2)nc(CCCc2ccccc2)n1C[*:1],CC[*:1],CHEMBL3093045
O=c1cc(-c2ccncc2)nc(CCCc2ccccc2)n1C[*:1],c1ccc([*:1])cc1,CHEMBL3093046
Nc1nonc1-n1nnc(C(=O)N[*:1])c1CN1CCCCC1,CC[*:1],CHEMBL4176856
Nc1nonc1-n1nnc(C(=O)N[*:1])c1CN1CCCCC1,C(=N[*:1])c1ccncc1,CHEMBL325353
O=C(Nc1cc(-c2[nH]c([*:1])nc2[*:3])c([*:2])cn1)C1CC1,CCOC(=O)[*:1].[*:2].[*:3],CHEMBL4446123
O=C(Nc1cc(-c2[nH]c([*:1])nc2[*:3])c([*:2])cn1)C1CC1,C[*:1].[*:2].[*:3],CHEMBL4582385
O=C(Nc1cc(-c2[nH]c([*:1])nc2[*:3])c([*:2])cn1)C1CC1,NC(=O)[*:1].[*:2].[*:3],CHEMBL4456432
O=C(Nc1cc(-c2[nH]c([*:1])nc2[*:3])c([*:2])cn1)C1CC1,C[*:1].c1coc([*:3])c1.[*:2],CHEMBL4460515
O=C(Nc1cc(-c2[nH]c([*:1])nc2[*:3])c([*:2])cn1)C1CC1,C1CC1[*:3].C[*:1].[*:2],CHEMBL4584996
O=C(Nc1cc(-c2[nH]c([*:1])nc2[*:3])c([*:2])cn1)C1CC1,C[*:1].c1csc([*:3])c1.[*:2],CHEMBL4576003
O=C(Nc1cc(-c2[nH]c([*:1])nc2[*:3])c([*:2])cn1)C1CC1,C1CCC([*:3])CC1.C[*:1].[*:2],CHEMBL4475448
O=C(Nc1cc(-c2[nH]c([*:1])nc2[*:3])c([*:2])cn1)C1CC1,C1CC([*:3])C1.C[*:1].[*:2],CHEMBL4444424
O=C(Nc1cc(-c2[nH]c([*:1])nc2[*:3])c([*:2])cn1)C1CC1,C1CCC([*:3])C1.C[*:1].[*:2],CHEMBL4575638
O=C(Nc1cc(-c2[nH]c([*:1])nc2[*:3])c([*:2])cn1)C1CC1,C[*:3].NC(=O)[*:1].[*:2],CHEMBL4445449
O=C(Nc1cc(-c2[nH]c([*:1])nc2[*:3])c([*:2])cn1)C1CC1,C1CC1[*:3].NC(=O)[*:1].[*:2],CHEMBL4483032
O=C(Nc1cc(-c2[nH]c([*:1])nc2[*:3])c([*:2])cn1)C1CC1,Br[*:2].NC(=O)[*:1].[*:3],CHEMBL4439815
Cn1c(N2CCN([*:5])C(c3c([*:3])cc([*:1])c([*:2])c3[*:4])C2)nc(-c2ccncc2)cc1=O,[*:1].[*:2].[*:3].[*:4].[*:5],CHEMBL4103742
Cn1c(N2CCN([*:5])C(c3c([*:3])cc([*:1])c([*:2])c3[*:4])C2)nc(-c2ccncc2)cc1=O,CCO[*:4].[*:1].[*:2].[*:3].[*:5],CHEMBL4075525
Cn1c(N2CCN([*:5])C(c3c([*:3])cc([*:1])c([*:2])c3[*:4])C2)nc(-c2ccncc2)cc1=O,CO[*:4].[*:1].[*:2].[*:3].[*:5],CHEMBL4085821
Cn1c(N2CCN([*:5])C(c3c([*:3])cc([*:1])c([*:2])c3[*:4])C2)nc(-c2ccncc2)cc1=O,Br[*:4].[*:1].[*:2].[*:3].[*:5],CHEMBL4095172
Cn1c(N2CCN([*:5])C(c3c([*:3])cc([*:1])c([*:2])c3[*:4])C2)nc(-c2ccncc2)cc1=O,F[*:4].[*:1].[*:2].[*:3].[*:5],CHEMBL4066990
Cn1c(N2CCN([*:5])C(c3c([*:3])cc([*:1])c([*:2])c3[*:4])C2)nc(-c2ccncc2)cc1=O,Cl[*:4].[*:1].[*:2].[*:3].[*:5],CHEMBL4104642
Cn1c(N2CCN([*:5])C(c3c([*:3])cc([*:1])c([*:2])c3[*:4])C2)nc(-c2ccncc2)cc1=O,CO[*:1].[*:2].[*:3].[*:4].[*:5],CHEMBL4078436
Cn1c(N2CCN([*:5])C(c3c([*:3])cc([*:1])c([*:2])c3[*:4])C2)nc(-c2ccncc2)cc1=O,Br[*:1].[*:2].[*:3].[*:4].[*:5],CHEMBL4099428
Cn1c(N2CCN([*:5])C(c3c([*:3])cc([*:1])c([*:2])c3[*:4])C2)nc(-c2ccncc2)cc1=O,F[*:1].[*:2].[*:3].[*:4].[*:5],CHEMBL4069785
Cn1c(N2CCN([*:5])C(c3c([*:3])cc([*:1])c([*:2])c3[*:4])C2)nc(-c2ccncc2)cc1=O,N#C[*:1].[*:2].[*:3].[*:4].[*:5],CHEMBL4075400
Cn1c(N2CCN([*:5])C(c3c([*:3])cc([*:1])c([*:2])c3[*:4])C2)nc(-c2ccncc2)cc1=O,CO[*:2].[*:1].[*:3].[*:4].[*:5],CHEMBL4061578
Cn1c(N2CCN([*:5])C(c3c([*:3])cc([*:1])c([*:2])c3[*:4])C2)nc(-c2ccncc2)cc1=O,F[*:2].[*:1].[*:3].[*:4].[*:5],CHEMBL4070244
Cn1c(N2CCN([*:5])C(c3c([*:3])cc([*:1])c([*:2])c3[*:4])C2)nc(-c2ccncc2)cc1=O,Cl[*:2].[*:1].[*:3].[*:4].[*:5],CHEMBL4080891
Cn1c(N2CCN([*:5])C(c3c([*:3])cc([*:1])c([*:2])c3[*:4])C2)nc(-c2ccncc2)cc1=O,CO[*:2].CO[*:1].[*:3].[*:4].[*:5],CHEMBL4062791
Cn1c(N2CCN([*:5])C(c3c([*:3])cc([*:1])c([*:2])c3[*:4])C2)nc(-c2ccncc2)cc1=O,Cl[*:2].Cl[*:1].[*:3].[*:4].[*:5],CHEMBL4100923
Cn1c(N2CCN([*:5])C(c3c([*:3])cc([*:1])c([*:2])c3[*:4])C2)nc(-c2ccncc2)cc1=O,C[*:4].F[*:1].[*:2].[*:3].[*:5],CHEMBL4090743
Cn1c(N2CCN([*:5])C(c3c([*:3])cc([*:1])c([*:2])c3[*:4])C2)nc(-c2ccncc2)cc1=O,CO[*:3].F[*:4].F[*:1].[*:2].[*:5],CHEMBL4098458
Cn1c(N2CCN([*:5])C(c3c([*:3])cc([*:1])c([*:2])c3[*:4])C2)nc(-c2ccncc2)cc1=O,CO[*:4].C[*:5].F[*:1].[*:2].[*:3],CHEMBL4082385
Cn1c(N2CCN([*:5])C(c3c([*:3])cc([*:1])c([*:2])c3[*:4])C2)nc(-c2ccncc2)cc1=O,CC(=O)[*:5].CO[*:4].F[*:1].[*:2].[*:3],CHEMBL4077350
Cn1c(N2CCN([*:5])C(c3c([*:3])cc([*:1])c([*:2])c3[*:4])C2)nc(-c2ccncc2)cc1=O,CO[*:4].F[*:1].c1ccc(C[*:5])cc1.[*:2].[*:3],CHEMBL4070575
COc1cc(F)ccc1C1CN(c2nc(-c3ccncn3)cc(=O)n2C)CCN1[*:1],CC(=O)[*:1],CHEMBL4070626
COc1cc(F)ccc1C1CN(c2nc(-c3ccncn3)cc(=O)n2C)CCN1[*:1],c1ccc(C[*:1])cc1,CHEMBL4077867
CCOc1ccncc1NC(=O)c1ccnc2[nH]c(-c3ccc([*:1])c([*:2])c3)nc12,F[*:1].[*:2],CHEMBL2048678
CCOc1ccncc1NC(=O)c1ccnc2[nH]c(-c3ccc([*:1])c([*:2])c3)nc12,CO[*:2].[*:1],CHEMBL2048683
O=C(Nc1cnc([*:1])cc1[*:3])c1ccnc2[nH]c([*:2])nc12,Fc1ccc([*:2])cc1.[*:1].[*:3],CHEMBL2048665
O=C(Nc1cnc([*:1])cc1[*:3])c1ccnc2[nH]c([*:2])nc12,c1cc([*:2])cs1.[*:1].[*:3],CHEMBL2048674
O=C(Nc1cnc([*:1])cc1[*:3])c1ccnc2[nH]c([*:2])nc12,CCO[*:3].c1cncc([*:2])c1.[*:1],CHEMBL2048682
O=C(Nc1cnc([*:1])cc1[*:3])c1ccnc2[nH]c([*:2])nc12,COc1ccc([*:2])cc1.C[*:3].[*:1],CHEMBL2048680
O=C(Nc1cnc([*:1])cc1[*:3])c1ccnc2[nH]c([*:2])nc12,COc1cccc([*:2])c1.C[*:3].[*:1],CHEMBL2048681
O=C(Nc1cnc([*:1])cc1[*:3])c1ccnc2[nH]c([*:2])nc12,CO[*:3].Fc1ccc([*:2])cc1.[*:1],CHEMBL2048677
O=C(Nc1cnc([*:1])cc1[*:3])c1ccnc2[nH]c([*:2])nc12,CO[*:3].c1cc([*:2])ccn1.[*:1],CHEMBL2048685
O=C(Nc1cnc([*:1])cc1[*:3])c1ccnc2[nH]c([*:2])nc12,CO[*:3].Clc1cccc([*:2])c1.[*:1],CHEMBL2048684
O=C(Nc1cnc([*:1])cc1[*:3])c1ccnc2[nH]c([*:2])nc12,C[*:1].Fc1ccc([*:2])cc1.[*:3],CHEMBL2048679
O=C(NCCc1ccc(NS(=O)(=O)[*:2])cc1)c1ccnc2[nH]c([*:1])nc12,CC[*:2].Fc1ccc([*:1])cc1,CHEMBL2048659
O=C(NCCc1ccc(NS(=O)(=O)[*:2])cc1)c1ccnc2[nH]c([*:1])nc12,CC[*:2].Fc1ccc([*:1])c(F)c1,CHEMBL2048660
O=C(NCCc1ccc(NS(=O)(=O)[*:2])cc1)c1ccnc2[nH]c([*:1])nc12,CC[*:2].c1ccc([*:1])cc1,CHEMBL2048658
O=C(NCCc1ccc(NS(=O)(=O)[*:2])cc1)c1ccnc2[nH]c([*:1])nc12,CC[*:2].c1csc([*:1])c1,CHEMBL2048661
O=C(NCCc1ccc(NS(=O)(=O)[*:2])cc1)c1ccnc2[nH]c([*:1])nc12,CC[*:2].c1cc([*:1])co1,CHEMBL2048663
O=C(NCCc1ccc(NS(=O)(=O)[*:2])cc1)c1ccnc2[nH]c([*:1])nc12,CC[*:2].c1cc([*:1])cs1,CHEMBL2048662
O=C(NCCc1ccc(NS(=O)(=O)[*:2])cc1)c1ccnc2[nH]c([*:1])nc12,CN(C)[*:2].c1cc([*:1])cs1,CHEMBL2048672
O=C(NCCc1ccc(NS(=O)(=O)[*:2])cc1)c1ccnc2[nH]c([*:1])nc12,CN(C)[*:2].Fc1ccc([*:1])cc1,CHEMBL2048668
O=C(NCCc1ccc(NS(=O)(=O)[*:2])cc1)c1ccnc2[nH]c([*:1])nc12,C[*:2].c1csc([*:1])c1,CHEMBL2048671
O=C(NCCc1ccc(NS(=O)(=O)[*:2])cc1)c1ccnc2[nH]c([*:1])nc12,C[*:2].Clc1ccc([*:1])cc1,CHEMBL2048669
O=C(NCCc1ccc(NS(=O)(=O)[*:2])cc1)c1ccnc2[nH]c([*:1])nc12,C[*:2].Fc1ccc([*:1])cc1,CHEMBL2048667
O=C(NCCc1ccc(NS(=O)(=O)[*:2])cc1)c1ccnc2[nH]c([*:1])nc12,C[*:2].c1cc([*:1])co1,CHEMBL2048670
O=C(Nc1cc(-c2[nH]c([*:3])nc2-c2ccc([*:1])c([*:2])c2)ccn1)C1CC1[*:4],F[*:1].c1ccc(CC[*:3])cc1.[*:2].[*:4],CHEMBL4473730
O=C(Nc1cc(-c2[nH]c([*:3])nc2-c2ccc([*:1])c([*:2])c2)ccn1)C1CC1[*:4],F[*:1].c1ccc(C[*:3])cc1.[*:2].[*:4],CHEMBL4476724
O=C(Nc1cc(-c2[nH]c([*:3])nc2-c2ccc([*:1])c([*:2])c2)ccn1)C1CC1[*:4],F[*:1].c1ccc(CS[*:3])cc1.[*:2].[*:4],CHEMBL4546015
O=C(Nc1cc(-c2[nH]c([*:3])nc2-c2ccc([*:1])c([*:2])c2)ccn1)C1CC1[*:4],FC(F)(F)O[*:2].NC(=O)[*:3].[*:1].[*:4],CHEMBL4529679
O=C(Nc1cc(-c2[nH]c([*:3])nc2-c2ccc([*:1])c([*:2])c2)ccn1)C1CC1[*:4],CS[*:3].F[*:1].c1ccc([*:4])cc1.[*:2],CHEMBL3219237_CHEMBL4442468
O=C(Nc1cc(-c2[nH]c([*:3])nc2-c2ccc([*:1])c([*:2])c2)ccn1)C1CC1[*:4],FC(F)(F)[*:2].F[*:1].NC(=O)[*:3].[*:4],CHEMBL4461695
O=C(NCCc1ccc(N[*:1])cc1)c1ccc(O)c2[nH]c(-c3ccc([*:2])cc3[*:3])nc12,CCS(=O)(=O)[*:1].[*:2].[*:3],CHEMBL2048657
O=C(NCCc1ccc(N[*:1])cc1)c1ccc(O)c2[nH]c(-c3ccc([*:2])cc3[*:3])nc12,F[*:2].O=C(CN1CCOCC1)[*:1].[*:3],CHEMBL562089
O=C(NCCc1ccc(N[*:1])cc1)c1ccc(O)c2[nH]c(-c3ccc([*:2])cc3[*:3])nc12,CCS(=O)(=O)[*:1].Cl[*:2].Cl[*:3],CHEMBL559559
O=C(NCCc1ccc(N[*:1])cc1)c1ccc(O)c2[nH]c(-c3ccc([*:2])cc3[*:3])nc12,CCS(=O)(=O)[*:1].Cl[*:3].F[*:2],CHEMBL549953
C[S+]([O-])c1ccc(-c2coc3ccc([*:1])cc23)cc1,Nc1nnc([*:1])o1,CHEMBL584976
C[S+]([O-])c1ccc(-c2coc3ccc([*:1])cc23)cc1,Oc1nnc([*:1])o1,CHEMBL573267
C[S+]([O-])c1ccc(-c2coc3ccc([*:1])cc23)cc1,Sc1nnc([*:1])o1,CHEMBL574601
C[S+]([O-])c1ccc(-c2coc3ccc([*:1])cc23)cc1,Cc1nc([*:1])no1,CHEMBL574600
C[S+]([O-])c1ccc(-c2coc3ccc([*:1])cc23)cc1,Cc1nnc([*:1])s1,CHEMBL572793
C[S+]([O-])c1ccc(-c2coc3ccc([*:1])cc23)cc1,Cc1nnc([*:1])[nH]1,CHEMBL576540
COc1cc2c([*:1])cc3c(c2cc1OC)C(=O)NC3=O,CC[*:1],CHEMBL570580
COc1cc2c([*:1])cc3c(c2cc1OC)C(=O)NC3=O,C[*:1],CHEMBL571486
CN1C(=O)CC(c2ccccc2)N=C1SCc1cn(-c2ccc([*:1])c([*:2])c2[*:3])nn1,[*:1].[*:2].[*:3],CHEMBL4647588
CN1C(=O)CC(c2ccccc2)N=C1SCc1cn(-c2ccc([*:1])c([*:2])c2[*:3])nn1,CC[*:1].[*:2].[*:3],CHEMBL4641105
CN1C(=O)CC(c2ccccc2)N=C1SCc1cn(-c2ccc([*:1])c([*:2])c2[*:3])nn1,CC(C)(C)[*:1].[*:2].[*:3],CHEMBL4645499
CN1C(=O)CC(c2ccccc2)N=C1SCc1cn(-c2ccc([*:1])c([*:2])c2[*:3])nn1,O=[N+]([O-])[*:2].[*:1].[*:3],CHEMBL4637462
CN1C(=O)CC(c2ccccc2)N=C1SCc1cn(-c2ccc([*:1])c([*:2])c2[*:3])nn1,F[*:3].[*:1].[*:2],CHEMBL4647289
CN1C(=O)CC(c2ccccc2)N=C1SCc1cn(-c2ccc([*:1])c([*:2])c2[*:3])nn1,CO[*:3].[*:1].[*:2],CHEMBL4642636
CN1C(=O)CC(c2ccccc2)N=C1SCc1cn(-c2ccc([*:1])c([*:2])c2[*:3])nn1,C[*:1].C[*:2].[*:3],CHEMBL4635819
FC(F)(F)c1nc2ccccc2n1Cc1nnc(SCc2cn([*:1])nn2)o1,CCc1ccc([*:1])cc1,CHEMBL4643895
FC(F)(F)c1nc2ccccc2n1Cc1nnc(SCc2cn([*:1])nn2)o1,c1ccc([*:1])cc1,CHEMBL4633926
FC(F)(F)c1nc2ccccc2n1Cc1nnc(SCc2cn([*:1])nn2)o1,c1cncc([*:1])c1,CHEMBL4648941
FC(F)(F)c1nc2ccccc2n1Cc1nnc(SCc2cn([*:1])nn2)o1,Fc1ccccc1[*:1],CHEMBL4639781
NC1CCC(Nc2cc(Nc3ccc(S(=O)(=O)[*:3])c([*:1])c3)n3ncc([*:2])c3n2)CC1,Br[*:2].CN(C)[*:3].[*:1],CHEMBL178785
NC1CCC(Nc2cc(Nc3ccc(S(=O)(=O)[*:3])c([*:1])c3)n3ncc([*:2])c3n2)CC1,CN(C)[*:3].N#C[*:2].[*:1],CHEMBL360573
NC1CCC(Nc2cc(Nc3ccc(S(=O)(=O)[*:3])c([*:1])c3)n3ncc([*:2])c3n2)CC1,CN(C)[*:3].Cl[*:2].[*:1],CHEMBL367150
NC1CCC(Nc2cc(Nc3ccc(S(=O)(=O)[*:3])c([*:1])c3)n3ncc([*:2])c3n2)CC1,Br[*:2].c1ccc([*:3])cc1.[*:1],CHEMBL361833
NC1CCC(Nc2cc(Nc3ccc(S(=O)(=O)[*:3])c([*:1])c3)n3ncc([*:2])c3n2)CC1,Cl[*:2].c1csc([*:3])c1.[*:1],CHEMBL181114
NC1CCC(Nc2cc(Nc3ccc(S(=O)(=O)[*:3])c([*:1])c3)n3ncc([*:2])c3n2)CC1,Br[*:2].CN(C)[*:3].Cl[*:1],CHEMBL178769
O=C1NC(=O)C(=Cc2ccc([*:1])c([*:2])c2[*:3])S1,CN(C)[*:2].[*:1].[*:3],CHEMBL4164291
O=C1NC(=O)C(=Cc2ccc([*:1])c([*:2])c2[*:3])S1,CN(C)[*:3].[*:1].[*:2],CHEMBL4174941
O=C1NC(=O)C(=Cc2ccc([*:1])c([*:2])c2[*:3])S1,O[*:1].[*:2].[*:3],CHEMBL87706
O=C1NC(=O)C(=Cc2ccc([*:1])c([*:2])c2[*:3])S1,CO[*:2].O[*:1].[*:3],CHEMBL232380
O=C1NC(=O)C(=Cc2ccc([*:1])c([*:2])c2[*:3])S1,O=[N+]([O-])[*:2].O[*:1].[*:3],CHEMBL4174355
O=C1NC(=O)C(=Cc2ccc([*:1])c([*:2])c2[*:3])S1,CO[*:1].O[*:3].[*:2],CHEMBL4175809
CN1CC=C(c2c(O)cc(O)c3c(=O)cc(-c4ccc(S[*:1])cc4[*:2])oc23)CC1,c1ccc2[nH]c([*:1])nc2c1.[*:2],CHEMBL4790926
CN1CC=C(c2c(O)cc(O)c3c(=O)cc(-c4ccc(S[*:1])cc4[*:2])oc23)CC1,c1ccc(-c2c[nH]c([*:1])n2)cc1.[*:2],CHEMBL4787876
CN1CC=C(c2c(O)cc(O)c3c(=O)cc(-c4ccc(S[*:1])cc4[*:2])oc23)CC1,Cn1c([*:1])nc2ccccc21.[*:2],CHEMBL4781618
CN1CC=C(c2c(O)cc(O)c3c(=O)cc(-c4ccc(S[*:1])cc4[*:2])oc23)CC1,Cl[*:2].c1ccc2[nH]c([*:1])nc2c1,CHEMBL4793858
CN1CC=C(c2c(O)cc(O)c3c(=O)cc(-c4ccc(S[*:1])cc4[*:2])oc23)CC1,Cl[*:2].Cn1c([*:1])nc2ccccc21,CHEMBL4788045
O=C1Nc2ccc(NC(=O)[*:1])cc2C1=Cc1cc([*:3])c([*:2])c([*:4])c1,CO[*:1].O[*:2].[*:3].[*:4],CHEMBL4474153
O=C1Nc2ccc(NC(=O)[*:1])cc2C1=Cc1cc([*:3])c([*:2])c([*:4])c1,CO[*:1].O=[N+]([O-])[*:2].[*:3].[*:4],CHEMBL4514599
O=C1Nc2ccc(NC(=O)[*:1])cc2C1=Cc1cc([*:3])c([*:2])c([*:4])c1,O[*:2].c1ccc([*:1])cc1.[*:3].[*:4],CHEMBL4454916
O=C1Nc2ccc(NC(=O)[*:1])cc2C1=Cc1cc([*:3])c([*:2])c([*:4])c1,CO[*:2].CO[*:3].CO[*:4].C[*:1],CHEMBL4450851
COC(=N)c1nc2ccc3ncnc(Nc4ccc([*:1])cc4[*:2])c3c2s1,Cl[*:1].Cl[*:2],CHEMBL2386747
COC(=N)c1nc2ccc3ncnc(Nc4ccc([*:1])cc4[*:2])c3c2s1,CO[*:1].F[*:2],CHEMBL3894571
c1cc([*:1])c([*:2])cc1CSc1nnc(-c2ccc3c(c2)OC([*:3])CO3)o1,COC(=O)[*:1].[*:2].[*:3],CHEMBL2064520
c1cc([*:1])c([*:2])cc1CSc1nnc(-c2ccc3c(c2)OC([*:3])CO3)o1,COc1ccc([*:1])cc1.[*:2].[*:3],CHEMBL2391126
c1cc([*:1])c([*:2])cc1CSc1nnc(-c2ccc3c(c2)OC([*:3])CO3)o1,COc1ccc([*:1])c(C#N)c1.[*:2].[*:3],CHEMBL2391125
c1cc([*:1])c([*:2])cc1CSc1nnc(-c2ccc3c(c2)OC([*:3])CO3)o1,Fc1cc(F)cc([*:1])c1.[*:2].[*:3],CHEMBL2391124
c1cc([*:1])c([*:2])cc1CSc1nnc(-c2ccc3c(c2)OC([*:3])CO3)o1,N#Cc1cc(F)ccc1[*:1].[*:2].[*:3],CHEMBL2064535
c1cc([*:1])c([*:2])cc1CSc1nnc(-c2ccc3c(c2)OC([*:3])CO3)o1,N#Cc1ccc([*:1])cc1.[*:2].[*:3],CHEMBL2391127
c1cc([*:1])c([*:2])cc1CSc1nnc(-c2ccc3c(c2)OC([*:3])CO3)o1,N#C[*:1].[*:2].[*:3],CHEMBL2064519
c1cc([*:1])c([*:2])cc1CSc1nnc(-c2ccc3c(c2)OC([*:3])CO3)o1,N#Cc1cccc([*:1])c1.[*:2].[*:3],CHEMBL2391130
c1cc([*:1])c([*:2])cc1CSc1nnc(-c2ccc3c(c2)OC([*:3])CO3)o1,NC(=O)c1cc(F)ccc1[*:1].[*:2].[*:3],CHEMBL3632824
c1cc([*:1])c([*:2])cc1CSc1nnc(-c2ccc3c(c2)OC([*:3])CO3)o1,O=[N+]([O-])c1cccc([*:1])c1.[*:2].[*:3],CHEMBL2391128
c1cc([*:1])c([*:2])cc1CSc1nnc(-c2ccc3c(c2)OC([*:3])CO3)o1,O=[N+]([O-])c1ccccc1[*:1].[*:2].[*:3],CHEMBL2391129
c1cc([*:1])c([*:2])cc1CSc1nnc(-c2ccc3c(c2)OC([*:3])CO3)o1,c1ccc([*:1])cc1.[*:2].[*:3],CHEMBL2391123
c1cc([*:1])c([*:2])cc1CSc1nnc(-c2ccc3c(c2)OC([*:3])CO3)o1,N#C[*:2].[*:1].[*:3],CHEMBL2064518
c1cc([*:1])c([*:2])cc1CSc1nnc(-c2ccc3c(c2)OC([*:3])CO3)o1,COC[*:3].N#Cc1ccccc1[*:1].[*:2],CHEMBL2064537_CHEMBL2064538_CHEMBL2064539
c1cc2c(cc1-c1nnc(SCc3ccc([*:1])c([*:2])c3[*:3])o1)CCO2,COC(=O)[*:2].[*:1].[*:3],CHEMBL471015
c1cc2c(cc1-c1nnc(SCc3ccc([*:1])c([*:2])c3[*:3])o1)CCO2,Cl[*:2].[*:1].[*:3],CHEMBL470566
c1cc2c(cc1-c1nnc(SCc3ccc([*:1])c([*:2])c3[*:3])o1)CCO2,FC(F)(F)[*:2].[*:1].[*:3],CHEMBL472249
c1cc2c(cc1-c1nnc(SCc3ccc([*:1])c([*:2])c3[*:3])o1)CCO2,F[*:2].[*:1].[*:3],CHEMBL470360
c1cc2c(cc1-c1nnc(SCc3ccc([*:1])c([*:2])c3[*:3])o1)CCO2,N#C[*:2].[*:1].[*:3],CHEMBL469736
c1cc2c(cc1-c1nnc(SCc3ccc([*:1])c([*:2])c3[*:3])o1)CCO2,CO[*:1].[*:2].[*:3],CHEMBL470565
c1cc2c(cc1-c1nnc(SCc3ccc([*:1])c([*:2])c3[*:3])o1)CCO2,Cl[*:1].[*:2].[*:3],CHEMBL470567
c1cc2c(cc1-c1nnc(SCc3ccc([*:1])c([*:2])c3[*:3])o1)CCO2,Cl[*:3].[*:1].[*:2],CHEMBL513040
c1cc2c(cc1-c1nnc(SCc3ccc([*:1])c([*:2])c3[*:3])o1)CCO2,CO[*:1].N#C[*:2].[*:3],CHEMBL470168
c1cc2c(cc1-c1nnc(SCc3ccc([*:1])c([*:2])c3[*:3])o1)CCO2,CO[*:1].F[*:2].[*:3],CHEMBL514401
c1cc2c(cc1-c1nnc(SCc3ccc([*:1])c([*:2])c3[*:3])o1)CCO2,CO[*:1].Cl[*:2].[*:3],CHEMBL470167
c1cc2c(cc1-c1nnc(SCc3ccc([*:1])c([*:2])c3[*:3])o1)CCO2,CO[*:1].FC(F)(F)[*:2].[*:3],CHEMBL512144
O=C(NCC1CCN(C[*:1])CC1)c1n[nH]c2ccc(-c3c([*:5])nc([*:3])c([*:2])c3[*:4])cc12,COC[*:1].[*:2].[*:3].[*:4].[*:5],CHEMBL3735967
O=C(NCC1CCN(C[*:1])CC1)c1n[nH]c2ccc(-c3c([*:5])nc([*:3])c([*:2])c3[*:4])cc12,c1ccc(C[*:1])cc1.[*:2].[*:3].[*:4].[*:5],CHEMBL3735061
O=C(NCC1CCN(C[*:1])CC1)c1n[nH]c2ccc(-c3c([*:5])nc([*:3])c([*:2])c3[*:4])cc12,COC[*:1].C[*:3].[*:2].[*:4].[*:5],CHEMBL3736223
O=C(NCC1CCN(C[*:1])CC1)c1n[nH]c2ccc(-c3c([*:5])nc([*:3])c([*:2])c3[*:4])cc12,COC[*:1].CO[*:3].[*:2].[*:4].[*:5],CHEMBL3735627
O=C(NCC1CCN(C[*:1])CC1)c1n[nH]c2ccc(-c3c([*:5])nc([*:3])c([*:2])c3[*:4])cc12,CO[*:3].O=C(O)c1ccc([*:1])o1.[*:2].[*:4].[*:5],CHEMBL3736035
O=C(NCC1CCN(C[*:1])CC1)c1n[nH]c2ccc(-c3c([*:5])nc([*:3])c([*:2])c3[*:4])cc12,C[*:3].c1ccc(C[*:1])cc1.[*:2].[*:4].[*:5],CHEMBL3736449
O=C(NCC1CCN(C[*:1])CC1)c1n[nH]c2ccc(-c3c([*:5])nc([*:3])c([*:2])c3[*:4])cc12,COC[*:1].CO[*:4].[*:2].[*:3].[*:5],CHEMBL3735079
O=C(NCC1CCN(C[*:1])CC1)c1n[nH]c2ccc(-c3c([*:5])nc([*:3])c([*:2])c3[*:4])cc12,CO[*:4].c1ccc(C[*:1])cc1.[*:2].[*:3].[*:5],CHEMBL3735603
O=C(NCC1CCN(C[*:1])CC1)c1n[nH]c2ccc(-c3c([*:5])nc([*:3])c([*:2])c3[*:4])cc12,CO[*:4].O=C(O)c1ccc([*:1])o1.[*:2].[*:3].[*:5],CHEMBL3735176
O=C(NCC1CCN(C[*:1])CC1)c1n[nH]c2ccc(-c3c([*:5])nc([*:3])c([*:2])c3[*:4])cc12,COC[*:1].CO[*:2].[*:3].[*:4].[*:5],CHEMBL3735522
O=C(NCC1CCN(C[*:1])CC1)c1n[nH]c2ccc(-c3c([*:5])nc([*:3])c([*:2])c3[*:4])cc12,CO[*:2].O=C(O)[*:1].[*:3].[*:4].[*:5],CHEMBL3736455
O=C(NCC1CCN(C[*:1])CC1)c1n[nH]c2ccc(-c3c([*:5])nc([*:3])c([*:2])c3[*:4])cc12,COC[*:1].CO[*:5].[*:2].[*:3].[*:4],CHEMBL3734853
O=C(NCC1CCN(C[*:1])CC1)c1n[nH]c2ccc(-c3c([*:5])nc([*:3])c([*:2])c3[*:4])cc12,CO[*:5].O=C(O)c1ccc([*:1])o1.[*:2].[*:3].[*:4],CHEMBL3734924
O=C(NCC1CCN(C[*:1])CC1)c1n[nH]c2ccc(-c3ccc([*:2])c([*:3])c3[*:4])cc12,COC[*:1].[*:2].[*:3].[*:4],CHEMBL3736164
O=C(NCC1CCN(C[*:1])CC1)c1n[nH]c2ccc(-c3ccc([*:2])c([*:3])c3[*:4])cc12,COC[*:1].CO[*:2].[*:3].[*:4],CHEMBL3736122
O=C(NCC1CCN(C[*:1])CC1)c1n[nH]c2ccc(-c3ccc([*:2])c([*:3])c3[*:4])cc12,CO[*:2].O=C(O)c1ccc([*:1])o1.[*:3].[*:4],CHEMBL3734895
O=C(NCC1CCN(C[*:1])CC1)c1n[nH]c2ccc(-c3ccc([*:2])c([*:3])c3[*:4])cc12,COC[*:1].C[*:4].[*:2].[*:3],CHEMBL3736396
O=C(NCC1CCN(C[*:1])CC1)c1n[nH]c2ccc(-c3ccc([*:2])c([*:3])c3[*:4])cc12,COC[*:1].F[*:4].[*:2].[*:3],CHEMBL3735246
O=C(NCC1CCN(C[*:1])CC1)c1n[nH]c2ccc(-c3ccc([*:2])c([*:3])c3[*:4])cc12,F[*:4].c1ccc(C[*:1])cc1.[*:2].[*:3],CHEMBL3736215
O=C(NCC1CCN(C[*:1])CC1)c1n[nH]c2ccc(-c3ccc([*:2])c([*:3])c3[*:4])cc12,F[*:4].O=C(O)c1ccc([*:1])o1.[*:2].[*:3],CHEMBL3735856
O=C(NCC1CCN(C[*:1])CC1)c1n[nH]c2ccc(-c3ccc([*:2])c([*:3])c3[*:4])cc12,F[*:4].O=C(O)[*:1].[*:2].[*:3],CHEMBL3735835
O=C(NCC1CCN(C[*:1])CC1)c1n[nH]c2ccc(-c3ccc([*:2])c([*:3])c3[*:4])cc12,COC[*:1].F[*:3].F[*:4].[*:2],CHEMBL3735506
O=C(NCC1CCN(C[*:1])CC1)c1n[nH]c2ccc(-c3ccc([*:2])c([*:3])c3[*:4])cc12,F[*:3].F[*:4].c1ccc(C[*:1])cc1.[*:2],CHEMBL3735796
O=C(NCC1CCN(C[*:1])CC1)c1n[nH]c2ccc(-c3ccc([*:2])c([*:3])c3[*:4])cc12,Cl[*:4].Cl[*:3].O=C(O)[*:1].[*:2],CHEMBL3735459
O=C(NCC1CCN(C[*:1])CC1)c1n[nH]c2ccc(-c3ccc([*:2])c([*:3])c3[*:4])cc12,F[*:4].F[*:3].O=C(O)[*:1].[*:2],CHEMBL3736167
O=C(NCC1CCN(C[*:1])CC1)c1n[nH]c2ccc(-c3ccc([*:2])c([*:3])c3[*:4])cc12,F[*:4].F[*:3].O=C(O)c1coc([*:1])n1.[*:2],CHEMBL3735986
O=C(NCC1CCN(C[*:1])CC1)c1n[nH]c2ccc(-c3ccc([*:2])c([*:3])c3[*:4])cc12,F[*:4].F[*:3].O=C(O)c1ccc([*:1])o1.[*:2],CHEMBL3735215
O=C1NC(=O)C(c2cn([*:2])c3ncc([*:1])cc23)=C1c1coc2ccccc12,COCC[*:2].[*:1],CHEMBL2386109
O=C1NC(=O)C(c2cn([*:2])c3ncc([*:1])cc23)=C1c1coc2ccccc12,C[*:2].[*:1],CHEMBL2386108
O=C1NC(=O)C(c2cn([*:2])c3ncc([*:1])cc23)=C1c1coc2ccccc12,Br[*:1].COCC[*:2],CHEMBL2386107
O=C1NC(=O)C(c2cn([*:2])c3ncc([*:1])cc23)=C1c1coc2ccccc12,Br[*:1].C[*:2],CHEMBL2386106
COc1cc2c(C3=C(c4coc5ccccc45)C(=O)NC3=O)cn([*:1])c2cn1,COCC[*:1],CHEMBL2386111
COc1cc2c(C3=C(c4coc5ccccc45)C(=O)NC3=O)cn([*:1])c2cn1,C[*:1],CHEMBL2386110
Nc1c(F)c(NCCNc2ccccn2)c([*:1])c2c1c(=O)c(C(=O)O)cn2[*:2],CO[*:1].[*:2],CHEMBL1834319
Nc1c(F)c(NCCNc2ccccn2)c([*:1])c2c1c(=O)c(C(=O)O)cn2[*:2],CO[*:1].C[*:2],CHEMBL1834320
Nc1c(F)c(NCCNc2ccccn2)c([*:1])c2c1c(=O)c(C(=O)O)cn2[*:2],C1CCC([*:2])C1.CO[*:1],CHEMBL1834317
Nc1c(F)c(NCCNc2ccccn2)c([*:1])c2c1c(=O)c(C(=O)O)cn2[*:2],C1CCC([*:2])C1.F[*:1],CHEMBL1834318
NC(=O)c1ncc(-c2ccnc(NC(=O)C3CC3)c2)cc1[*:1],[*:1],CHEMBL3410103
NC(=O)c1ncc(-c2ccnc(NC(=O)C3CC3)c2)cc1[*:1],CO[*:1],CHEMBL3410104
Nc1c(F)c(NCCNc2cccc3ccccc23)c([*:1])c2c1c(=O)c(C(=O)O)cn2C1CC1,CO[*:1],CHEMBL1834125
Nc1c(F)c(NCCNc2cccc3ccccc23)c([*:1])c2c1c(=O)c(C(=O)O)cn2C1CC1,F[*:1],CHEMBL1834118
O=C(C=Cc1ccc([*:2])cc1)C=C(O)C=Cc1ccc(O[*:1])c([*:3])c1,O[*:2].[*:1].[*:3],CHEMBL131770
O=C(C=Cc1ccc([*:2])cc1)C=C(O)C=Cc1ccc(O[*:1])c([*:3])c1,CO[*:3].C[*:2].[*:1],CHEMBL3763318
O=C(C=Cc1ccc([*:2])cc1)C=C(O)C=Cc1ccc(O[*:1])c([*:3])c1,CO[*:3].c1ccc(CO[*:2])cc1.[*:1],CHEMBL3763944
O=C(C=Cc1ccc([*:2])cc1)C=C(O)C=Cc1ccc(O[*:1])c([*:3])c1,CO[*:2].C[*:1].[*:3],CHEMBL454662
O=C(C=Cc1ccc([*:2])cc1)C=C(O)C=Cc1ccc(O[*:1])c([*:3])c1,CO[*:2].c1ccc(C[*:1])cc1.[*:3],CHEMBL3763815
O=C(C=Cc1ccc([*:2])cc1)C=C(O)C=Cc1ccc(O[*:1])c([*:3])c1,O[*:2].c1ccc(C[*:1])cc1.[*:3],CHEMBL3765061
O=C(C=Cc1ccc([*:2])cc1)C=C(O)C=Cc1ccc(O[*:1])c([*:3])c1,CO[*:3].C[*:1].c1ccc(CO[*:2])cc1,CHEMBL4636722
Cn1c(N2CCOC(c3c([*:4])cc([*:1])c([*:2])c3[*:5])C2)nc([*:3])cc1=O,c1cc([*:3])ccn1.[*:1].[*:2].[*:4].[*:5],CHEMBL3091546
Cn1c(N2CCOC(c3c([*:4])cc([*:1])c([*:2])c3[*:5])C2)nc([*:3])cc1=O,CO[*:1].c1cc([*:3])ncn1.[*:2].[*:4].[*:5],CHEMBL3091538
Cn1c(N2CCOC(c3c([*:4])cc([*:1])c([*:2])c3[*:5])C2)nc([*:3])cc1=O,COc1cnccc1[*:3].F[*:1].[*:2].[*:4].[*:5],CHEMBL3091534
Cn1c(N2CCOC(c3c([*:4])cc([*:1])c([*:2])c3[*:5])C2)nc([*:3])cc1=O,Cc1cnccc1[*:3].F[*:1].[*:2].[*:4].[*:5],CHEMBL3091533
Cn1c(N2CCOC(c3c([*:4])cc([*:1])c([*:2])c3[*:5])C2)nc([*:3])cc1=O,Clc1cc([*:3])ccn1.F[*:1].[*:2].[*:4].[*:5],CHEMBL3091535
Cn1c(N2CCOC(c3c([*:4])cc([*:1])c([*:2])c3[*:5])C2)nc([*:3])cc1=O,F[*:1].c1cc([*:3])ccn1.[*:2].[*:4].[*:5],CHEMBL3091529_CHEMBL3091530_CHEMBL3091547
Cn1c(N2CCOC(c3c([*:4])cc([*:1])c([*:2])c3[*:5])C2)nc([*:3])cc1=O,Clc1cnccc1[*:3].F[*:1].[*:2].[*:4].[*:5],CHEMBL3091532
Cn1c(N2CCOC(c3c([*:4])cc([*:1])c([*:2])c3[*:5])C2)nc([*:3])cc1=O,F[*:1].c1cc([*:3])ncn1.[*:2].[*:4].[*:5],CHEMBL3091536
Cn1c(N2CCOC(c3c([*:4])cc([*:1])c([*:2])c3[*:5])C2)nc([*:3])cc1=O,N#C[*:1].c1cc([*:3])ncn1.[*:2].[*:4].[*:5],CHEMBL3091537
Cn1c(N2CCOC(c3c([*:4])cc([*:1])c([*:2])c3[*:5])C2)nc([*:3])cc1=O,F[*:1].Fc1cnccc1[*:3].[*:2].[*:4].[*:5],CHEMBL3091531
Cn1c(N2CCOC(c3c([*:4])cc([*:1])c([*:2])c3[*:5])C2)nc([*:3])cc1=O,CO[*:2].c1cc([*:3])ncn1.[*:1].[*:4].[*:5],CHEMBL3091464
Cn1c(N2CCOC(c3c([*:4])cc([*:1])c([*:2])c3[*:5])C2)nc([*:3])cc1=O,CO[*:5].c1cc([*:3])ncn1.[*:1].[*:2].[*:4],CHEMBL3091540
Cn1c(N2CCOC(c3c([*:4])cc([*:1])c([*:2])c3[*:5])C2)nc([*:3])cc1=O,F[*:5].c1cc([*:3])ncn1.[*:1].[*:2].[*:4],CHEMBL3091539
Cn1c(N2CCOC(c3c([*:4])cc([*:1])c([*:2])c3[*:5])C2)nc([*:3])cc1=O,CO[*:5].F[*:1].c1cc([*:3])ncn1.[*:2].[*:4],CHEMBL3091541
Cn1c(N2CCOC(c3c([*:4])cc([*:1])c([*:2])c3[*:5])C2)nc([*:3])cc1=O,F[*:5].N#C[*:1].c1cc([*:3])ncn1.[*:2].[*:4],CHEMBL3091543
Cn1c(N2CCOC(c3c([*:4])cc([*:1])c([*:2])c3[*:5])C2)nc([*:3])cc1=O,CO[*:4].CO[*:5].c1cc([*:3])ncn1.[*:1].[*:2],CHEMBL3091542
Cn1c(N2CCOC(c3c([*:4])cc([*:1])c([*:2])c3[*:5])C2)nc([*:3])cc1=O,Cl[*:5].F[*:4].c1cc([*:3])ncn1.[*:1].[*:2],CHEMBL3091544
COc1cc2c(CNC3CCN(S(=O)(=O)[*:1])CC3)cc3c(c2cc1OC)C(=O)NC3=O,C[*:1],CHEMBL4632910
COc1cc2c(CNC3CCN(S(=O)(=O)[*:1])CC3)cc3c(c2cc1OC)C(=O)NC3=O,O=[N+]([O-])c1ccc([*:1])cc1,CHEMBL4646272
O=C(Nc1ccc(Oc2ccnc(C(=O)NC[*:1])c2)cc1)Nc1cc(C(F)(F)F)c(Cl)cc1[*:2],O=C(O)CCCO[*:2].[*:1],CHEMBL4761851
O=C(Nc1ccc(Oc2ccnc(C(=O)NC[*:1])c2)cc1)Nc1cc(C(F)(F)F)c(Cl)cc1[*:2],O=C(O)CC[*:1].[*:2],CHEMBL4747475
c1cc([*:1])c([*:2])cc1CSc1nnc(-c2ccc3c(c2)OCO3)o1,COc1ccc([*:1])cc1.[*:2],CHEMBL2391119
c1cc([*:1])c([*:2])cc1CSc1nnc(-c2ccc3c(c2)OCO3)o1,COc1ccc([*:1])c(C#N)c1.[*:2],CHEMBL2391118
c1cc([*:1])c([*:2])cc1CSc1nnc(-c2ccc3c(c2)OCO3)o1,Fc1cc(F)cc([*:1])c1.[*:2],CHEMBL2391117
c1cc([*:1])c([*:2])cc1CSc1nnc(-c2ccc3c(c2)OCO3)o1,N#Cc1ccc([*:1])cc1.[*:2],CHEMBL2064515
c1cc([*:1])c([*:2])cc1CSc1nnc(-c2ccc3c(c2)OCO3)o1,N#Cc1cc(F)ccc1[*:1].[*:2],CHEMBL2064532
c1cc([*:1])c([*:2])cc1CSc1nnc(-c2ccc3c(c2)OCO3)o1,N#C[*:1].[*:2],CHEMBL2064517
c1cc([*:1])c([*:2])cc1CSc1nnc(-c2ccc3c(c2)OCO3)o1,N#Cc1cccc([*:1])c1.[*:2],CHEMBL2391121
c1cc([*:1])c([*:2])cc1CSc1nnc(-c2ccc3c(c2)OCO3)o1,N#Cc1ccccc1[*:1].[*:2],CHEMBL2064533
c1cc([*:1])c([*:2])cc1CSc1nnc(-c2ccc3c(c2)OCO3)o1,O=[N+]([O-])c1ccccc1[*:1].[*:2],CHEMBL2391122
c1cc([*:1])c([*:2])cc1CSc1nnc(-c2ccc3c(c2)OCO3)o1,O=[N+]([O-])c1cccc([*:1])c1.[*:2],CHEMBL2391120
c1cc([*:1])c([*:2])cc1CSc1nnc(-c2ccc3c(c2)OCO3)o1,n1n[nH]c([*:1])n1.[*:2],CHEMBL2064522
c1cc([*:1])c([*:2])cc1CSc1nnc(-c2ccc3c(c2)OCO3)o1,c1ccc([*:1])cc1.[*:2],CHEMBL2064531
c1cc([*:1])c([*:2])cc1CSc1nnc(-c2ccc3c(c2)OCO3)o1,N#C[*:2].[*:1],CHEMBL2064516
c1cc([*:1])c([*:2])cc1CSc1nnc(-c2ccc3c(c2)OCO3)o1,CO[*:1].F[*:2],CHEMBL456218
O=C(Nc1cc([*:2])c([*:1])c([*:3])c1)NC1COC2C(Nc3nccc([*:4])n3)COC12,COc1ccc([*:4])cc1.[*:1].[*:2].[*:3],CHEMBL4741384
O=C(Nc1cc([*:2])c([*:1])c([*:3])c1)NC1COC2C(Nc3nccc([*:4])n3)COC12,c1csc([*:4])c1.[*:1].[*:2].[*:3],CHEMBL4757545
O=C(Nc1cc([*:2])c([*:1])c([*:3])c1)NC1COC2C(Nc3nccc([*:4])n3)COC12,COc1ccc([*:4])cc1.N#C[*:3].[*:1].[*:2],CHEMBL4747194
O=C(Nc1cc([*:2])c([*:1])c([*:3])c1)NC1COC2C(Nc3nccc([*:4])n3)COC12,COc1ccc([*:4])cc1.FC(F)(F)[*:3].[*:1].[*:2],CHEMBL4780397
O=C(Nc1cc([*:2])c([*:1])c([*:3])c1)NC1COC2C(Nc3nccc([*:4])n3)COC12,COc1ccccc1[*:4].N#C[*:3].[*:1].[*:2],CHEMBL4797635
O=C(Nc1cc([*:2])c([*:1])c([*:3])c1)NC1COC2C(Nc3nccc([*:4])n3)COC12,Fc1cccc([*:4])c1.N#C[*:3].[*:1].[*:2],CHEMBL4779572
O=C(Nc1cc([*:2])c([*:1])c([*:3])c1)NC1COC2C(Nc3nccc([*:4])n3)COC12,FC(F)(F)[*:3].c1csc([*:4])c1.[*:1].[*:2],CHEMBL4744440
O=C(Nc1cc([*:2])c([*:1])c([*:3])c1)NC1COC2C(Nc3nccc([*:4])n3)COC12,FC(F)(F)[*:3].Fc1cccc([*:4])c1.[*:1].[*:2],CHEMBL4781499
O=C(Nc1cc([*:2])c([*:1])c([*:3])c1)NC1COC2C(Nc3nccc([*:4])n3)COC12,FC(F)(F)[*:3].c1coc([*:4])c1.[*:1].[*:2],CHEMBL4792670
O=C(Nc1cc([*:2])c([*:1])c([*:3])c1)NC1COC2C(Nc3nccc([*:4])n3)COC12,CC(=O)[*:1].COc1ccc([*:4])cc1.[*:2].[*:3],CHEMBL4758751
O=C(Nc1cc([*:2])c([*:1])c([*:3])c1)NC1COC2C(Nc3nccc([*:4])n3)COC12,CO[*:2].CO[*:3].COc1ccc([*:4])cc1.[*:1],CHEMBL4751581
COc1ccc(-c2coc3ccc(-c4nnc(SCc5ccc([*:1])c([*:2])c5)o4)cc23)cc1,N#C[*:2].[*:1],CHEMBL471833
COc1ccc(-c2coc3ccc(-c4nnc(SCc5ccc([*:1])c([*:2])c5)o4)cc23)cc1,FC(F)(F)[*:2].[*:1],CHEMBL471832
COc1ccc(-c2coc3ccc(-c4nnc(SCc5ccc([*:1])c([*:2])c5)o4)cc23)cc1,CO[*:1].FC(F)(F)[*:2],CHEMBL469509
c1cnn2nc(-c3ccc([*:1])c([*:2])c3)c(-c3ccnc(Nc4ccc5c(c4)OCCO5)n3)c2c1,CO[*:1].[*:2],CHEMBL188257
c1cnn2nc(-c3ccc([*:1])c([*:2])c3)c(-c3ccnc(Nc4ccc5c(c4)OCCO5)n3)c2c1,FC(F)(F)[*:2].[*:1],CHEMBL362155
COc1ccc(-n2cnc3cc([*:1])c([*:2])cc32)cc1,O=C(CBr)[*:1].[*:2],CHEMBL1801635
COc1ccc(-n2cnc3cc([*:1])c([*:2])cc32)cc1,S=c1[nH]nc([*:2])o1.[*:1],CHEMBL1230134
COc1ccc(-n2cnc3ccc(-c4nnc(SCc5ccc([*:1])c([*:2])c5)o4)cc32)cc1,N#C[*:2].[*:1],CHEMBL516640
COc1ccc(-n2cnc3ccc(-c4nnc(SCc5ccc([*:1])c([*:2])c5)o4)cc32)cc1,FC(F)(F)[*:2].[*:1],CHEMBL513570
COc1ccc(-n2cnc3ccc(-c4nnc(SCc5ccc([*:1])c([*:2])c5)o4)cc32)cc1,CO[*:1].FC(F)(F)[*:2],CHEMBL472043
O=C(C[*:1])c1ccc([*:2])cc1,Br[*:1].[*:2],CHEMBL102953
O=C(C[*:1])c1ccc([*:2])cc1,Br[*:1].CO[*:2],CHEMBL103009
O=C(C[*:1])c1ccc([*:2])cc1,Br[*:1].Cl[*:2],CHEMBL140061
O=C(C[*:1])c1ccc([*:2])cc1,Br[*:2].Br[*:1],CHEMBL142826
O=C(C[*:1])c1ccc([*:2])cc1,Br[*:1].O=[N+]([O-])[*:2],CHEMBL106072
O=C(C[*:1])c1ccc([*:2])cc1,Cl[*:2].Cl[*:1],CHEMBL143090
O=C1NC(=O)C(c2ccc([*:2])cc2)=C1Nc1ccc(C(=O)N[*:1])cc1,COc1ccc([*:1])cc1.[*:2],CHEMBL4644518
O=C1NC(=O)C(c2ccc([*:2])cc2)=C1Nc1ccc(C(=O)N[*:1])cc1,c1ccc([*:1])cc1.[*:2],CHEMBL4636075
O=C1NC(=O)C(c2ccc([*:2])cc2)=C1Nc1ccc(C(=O)N[*:1])cc1,CO[*:2].c1ccc([*:1])cc1,CHEMBL4647915
O=C1NC(=O)C(c2ccc([*:2])cc2)=C1Nc1ccc(C(=O)N[*:1])cc1,CO[*:2].Clc1ccc([*:1])cc1,CHEMBL4632671
O=C1NC(=O)C(c2ccc([*:2])cc2)=C1Nc1ccc(C(=O)N[*:1])cc1,CO[*:2].COc1ccc([*:1])cc1,CHEMBL4641587
O=C1C(c2cccc3ccccc23)Oc2ccccc2N1Cc1ccc([*:1])cc1,CO[*:1],CHEMBL4213199
O=C1C(c2cccc3ccccc23)Oc2ccccc2N1Cc1ccc([*:1])cc1,F[*:1],CHEMBL4216137
O=C(NCc1ccc([*:1])c([*:2])c1)Nc1nc([*:3])c([*:4])s1,CO[*:1].O=[N+]([O-])[*:4].[*:2].[*:3],CHEMBL259850
O=C(NCc1ccc([*:1])c([*:2])c1)Nc1nc([*:3])c([*:4])s1,O[*:2].c1cc([*:3])ccn1.[*:1].[*:4],CHEMBL3218011_CHEMBL3218297
COc1ccc(CSc2nnc([*:1])o2)cc1C(F)(F)F,c1cc2cc([*:1])ccc2o1,CHEMBL471430
COc1ccc(CSc2nnc([*:1])o2)cc1C(F)(F)F,c1cc2[nH]ncc2cc1[*:1],CHEMBL469507
COc1ccc(CSc2nnc([*:1])o2)cc1C(F)(F)F,c1nc2ccc([*:1])cc2s1,CHEMBL499006
COc1ccc(CSc2nnc([*:1])o2)cc1C(F)(F)F,C1=CN2CC([*:1])=CC=C2N1,CHEMBL513878
O=C1Nc2cc([*:2])c([*:4])cc2C1=C1Nc2ccc([*:3])cc2C1=N[*:1],O[*:1].[*:2].[*:3].[*:4],CHEMBL216543
O=C1Nc2cc([*:2])c([*:4])cc2C1=C1Nc2ccc([*:3])cc2C1=N[*:1],OCC(O)CO[*:1].[*:2].[*:3].[*:4],CHEMBL1276317
O=C1Nc2cc([*:2])c([*:4])cc2C1=C1Nc2ccc([*:3])cc2C1=N[*:1],CO[*:4].O[*:1].[*:2].[*:3],CHEMBL1830064
O=C1Nc2cc([*:2])c([*:4])cc2C1=C1Nc2ccc([*:3])cc2C1=N[*:1],Br[*:2].O[*:1].[*:3].[*:4],CHEMBL243555_CHEMBL409450
O=C1Nc2cc([*:2])c([*:4])cc2C1=C1Nc2ccc([*:3])cc2C1=N[*:1],NCCO[*:1].O=[N+]([O-])[*:4].O[*:3].[*:2],CHEMBL4763626
O=C1NC(=O)C(=Cc2c([*:2])n([*:3])c3ccc([*:1])cc23)S1,c1ccc([*:2])cc1.[*:1].[*:3],CHEMBL4177365
O=C1NC(=O)C(=Cc2c([*:2])n([*:3])c3ccc([*:1])cc23)S1,CO[*:1].C[*:3].[*:2],CHEMBL4160653
O=C1NC(=O)C(=Cc2cc3cc([*:1])ccc3nc2Cl)S1,[*:1],CHEMBL4173598
O=C1NC(=O)C(=Cc2cc3cc([*:1])ccc3nc2Cl)S1,CO[*:1],CHEMBL4169102
O=C1NC(=O)c2c1c1c([*:3])nn(-c3ccc([*:1])cc3[*:2])c1n1cccc21,CO[*:2].[*:1].[*:3],CHEMBL3110139
O=C1NC(=O)c2c1c1c([*:3])nn(-c3ccc([*:1])cc3[*:2])c1n1cccc21,C[*:2].[*:1].[*:3],CHEMBL3110138
O=C1NC(=O)c2c1c1c([*:3])nn(-c3ccc([*:1])cc3[*:2])c1n1cccc21,Cl[*:2].[*:1].[*:3],CHEMBL3110135
O=C1NC(=O)c2c1c1c([*:3])nn(-c3ccc([*:1])cc3[*:2])c1n1cccc21,C[*:3].[*:1].[*:2],CHEMBL3110140
O=C1NC(=O)c2c1c1c([*:3])nn(-c3ccc([*:1])cc3[*:2])c1n1cccc21,C[*:2].C[*:3].[*:1],CHEMBL3110142
O=C1NC(=O)c2c1c1c([*:3])nn(-c3ccc([*:1])cc3[*:2])c1n1cccc21,C[*:3].Cl[*:2].[*:1],CHEMBL3110143
O=C1NC(=O)c2c1c1c([*:3])nn(-c3ccc([*:1])cc3[*:2])c1n1cccc21,C[*:3].Cl[*:2].Cl[*:1],CHEMBL3110144
O=C1Nc2ccc([*:1])cc2C1=C1Nc2ccccc2C1=NOCCOC1OC(CO)C(O)C(O)C1O,[*:1],CHEMBL4100916
O=C1Nc2ccc([*:1])cc2C1=C1Nc2ccccc2C1=NOCCOC1OC(CO)C(O)C(O)C1O,CO[*:1],CHEMBL4085289
O=C1Nc2ccc([*:1])cc2C1=C1Nc2ccccc2C1=NOCCOC1OC(CO)C(O)C(O)C1O,C[*:1],CHEMBL4100748
O=C(Nc1c([*:3])ncc([*:1])c1[*:2])c1ccnc(NC(=O)C2CC2)c1,CO[*:2].[*:1].[*:3],CHEMBL4213175
O=C(Nc1c([*:3])ncc([*:1])c1[*:2])c1ccnc(NC(=O)C2CC2)c1,N[*:3].[*:1].[*:2],CHEMBL4442834
O=C(Nc1c([*:3])ncc([*:1])c1[*:2])c1ccnc(NC(=O)C2CC2)c1,Cc1ccc([*:1])cc1.N[*:3].[*:2],CHEMBL4472042
O=C(Nc1c([*:3])ncc([*:1])c1[*:2])c1ccnc(NC(=O)C2CC2)c1,Cc1csc([*:1])c1.N[*:3].[*:2],CHEMBL4578996
O=C(Nc1c([*:3])ncc([*:1])c1[*:2])c1ccnc(NC(=O)C2CC2)c1,N[*:3].c1ccc([*:1])cc1.[*:2],CHEMBL4515584
O=C(Nc1c([*:3])ncc([*:1])c1[*:2])c1ccnc(NC(=O)C2CC2)c1,N[*:3].c1cc([*:1])ccn1.[*:2],CHEMBL4535643
O=C(Nc1c([*:3])ncc([*:1])c1[*:2])c1ccnc(NC(=O)C2CC2)c1,Fc1ccc([*:1])cc1.N[*:3].[*:2],CHEMBL4550261
O=C(c1ccc(-c2nc(Nc3cc([*:2])ccc3[*:4])ncc2[*:5])cc1[*:3])[*:1],N[*:1].c1ccc([*:2])cc1.[*:3].[*:4].[*:5],CHEMBL4126566
O=C(c1ccc(-c2nc(Nc3cc([*:2])ccc3[*:4])ncc2[*:5])cc1[*:3])[*:1],O[*:1].c1ccc([*:2])cc1.[*:3].[*:4].[*:5],CHEMBL4127319
O=C(c1ccc(-c2nc(Nc3cc([*:2])ccc3[*:4])ncc2[*:5])cc1[*:3])[*:1],N[*:1].c1ccc([*:2])cc1.[*:3].F[*:4].[*:5],CHEMBL4129843
O=C(c1ccc(-c2nc(Nc3cc([*:2])ccc3[*:4])ncc2[*:5])cc1[*:3])[*:1],O[*:1].[*:2].CC(C)[*:3].CO[*:4].F[*:5],CHEMBL4129219
O=C(c1ccc(-c2nc(Nc3cc([*:2])ccc3[*:4])ncc2[*:5])cc1[*:3])[*:1],N[*:1].[*:2].CC(C)[*:3].CO[*:4].F[*:5],CHEMBL4127797
Clc1ccc(-c2nc(NCCNc3ccc([*:1])c([*:2])n3)ncc2[*:3])c(Cl)c1,Cc1c[nH]c([*:3])n1.N#C[*:1].[*:2],CHEMBL412142
Clc1ccc(-c2nc(NCCNc3ccc([*:1])c([*:2])n3)ncc2[*:3])c(Cl)c1,O=[N+]([O-])[*:1].c1c[nH]c([*:3])n1.[*:2],CHEMBL461262
Clc1ccc(-c2nc(NCCNc3ccc([*:1])c([*:2])n3)ncc2[*:3])c(Cl)c1,N[*:2].O=[N+]([O-])[*:1].c1cn([*:3])cn1,CHEMBL3185148
Clc1ccc(-c2nc(NCCNc3ccc([*:1])c([*:2])n3)ncc2[*:3])c(Cl)c1,N[*:2].O=[N+]([O-])[*:1].c1c[nH]c([*:3])n1,CHEMBL1080901
Nc1ncc([*:1])c([*:2])c1N=Cc1ccnc(NC(=O)C2CC2)c1,[*:1].[*:2],CHEMBL4467668
Nc1ncc([*:1])c([*:2])c1N=Cc1ccnc(NC(=O)C2CC2)c1,Cc1ccc([*:2])cc1.[*:1],CHEMBL4460479
Nc1ncc([*:1])c([*:2])c1N=Cc1ccnc(NC(=O)C2CC2)c1,Fc1cccc([*:2])c1.[*:1],CHEMBL4462480
Nc1ncc([*:1])c([*:2])c1N=Cc1ccnc(NC(=O)C2CC2)c1,c1ccc([*:2])cc1.[*:1],CHEMBL4580131
Nc1ncc([*:1])c([*:2])c1N=Cc1ccnc(NC(=O)C2CC2)c1,Fc1ccc([*:2])cc1.[*:1],CHEMBL4539700
Nc1ncc([*:1])c([*:2])c1N=Cc1ccnc(NC(=O)C2CC2)c1,Cc1ccc([*:1])cc1.[*:2],CHEMBL4458206
Nc1ncc([*:1])c([*:2])c1N=Cc1ccnc(NC(=O)C2CC2)c1,Cc1csc([*:1])c1.[*:2],CHEMBL4474810
Nc1ncc([*:1])c([*:2])c1N=Cc1ccnc(NC(=O)C2CC2)c1,Fc1ccc([*:1])cc1.[*:2],CHEMBL4455516
Nc1ncc([*:1])c([*:2])c1N=Cc1ccnc(NC(=O)C2CC2)c1,c1ccc([*:1])cc1.[*:2],CHEMBL4559169
Nc1ncc([*:1])c([*:2])c1N=Cc1ccnc(NC(=O)C2CC2)c1,c1cc([*:1])ccn1.[*:2],CHEMBL4454448
Cn1c(NCC(=O)c2ccc([*:1])c([*:2])c2[*:3])nc(-c2ccncc2)cc1=O,[*:1].[*:2].[*:3],CHEMBL3091545
Cn1c(NCC(=O)c2ccc([*:1])c([*:2])c2[*:3])nc(-c2ccncc2)cc1=O,C[*:2].[*:1].[*:3],CHEMBL3093033
Cn1c(NCC(=O)c2ccc([*:1])c([*:2])c2[*:3])nc(-c2ccncc2)cc1=O,F[*:2].[*:1].[*:3],CHEMBL3093054
Cn1c(NCC(=O)c2ccc([*:1])c([*:2])c2[*:3])nc(-c2ccncc2)cc1=O,Cl[*:2].[*:1].[*:3],CHEMBL3093032
Cn1c(NCC(=O)c2ccc([*:1])c([*:2])c2[*:3])nc(-c2ccncc2)cc1=O,N#C[*:2].[*:1].[*:3],CHEMBL3093034
Cn1c(NCC(=O)c2ccc([*:1])c([*:2])c2[*:3])nc(-c2ccncc2)cc1=O,F[*:3].[*:1].[*:2],CHEMBL3093053
Cn1c(NCC(=O)c2ccc([*:1])c([*:2])c2[*:3])nc(-c2ccncc2)cc1=O,F[*:1].[*:2].[*:3],CHEMBL3093031
Cn1c(N(CC(c2ccccc2)[*:1])[*:2])nc(-c2ccncc2)cc1=O,[*:1].[*:2],CHEMBL3093048
Cn1c(N(CC(c2ccccc2)[*:1])[*:2])nc(-c2ccncc2)cc1=O,NCCCC[*:2].[*:1],CHEMBL3093051
Cn1c(N(CC(c2ccccc2)[*:1])[*:2])nc(-c2ccncc2)cc1=O,NCCCCC[*:2].[*:1],CHEMBL3093052
Cn1c(N(CC(c2ccccc2)[*:1])[*:2])nc(-c2ccncc2)cc1=O,O[*:1].[*:2],CHEMBL3093050
Cn1cc(C2=C([*:1])C(=O)NC2=O)c2cc3c(cc21)OCO3,c1ccn2c([*:1])cnc2c1,CHEMBL2386112
Cn1cc(C2=C([*:1])C(=O)NC2=O)c2cc3c(cc21)OCO3,Fc1ccc2occ([*:1])c2c1,CHEMBL483465
N#Cc1c(N)nc2sc(C(=O)c3cccc([*:1])c3)c(N)c2c1-c1ccccc1[*:2],Br[*:2].Cl[*:1],CHEMBL2313850
N#Cc1c(N)nc2sc(C(=O)c3cccc([*:1])c3)c(N)c2c1-c1ccccc1[*:2],Cl[*:2].N#C[*:1],CHEMBL2314101
N#Cc1c(N)nc2sc(C(=O)c3cccc([*:1])c3)c(N)c2c1-c1ccccc1[*:2],Cl[*:2].Cl[*:1],CHEMBL2313853
NS(=O)(=O)c1ccc(Nc2cc([*:1])nc3ncnn23)cc1,NC1CCC(N[*:1])CC1,CHEMBL380331
NS(=O)(=O)c1ccc(Nc2cc([*:1])nc3ncnn23)cc1,C1CCC(N[*:1])CC1,CHEMBL203569
NS(=O)(=O)c1ccc(Nc2cc([*:1])nc3ncnn23)cc1,C1CCC(O[*:1])CC1,CHEMBL203407
O=C1NC(=O)c2cc(NC(=S)NCCC[*:1])ccc21,O=C(NO)[*:1],CHEMBL4590543
O=C1NC(=O)c2cc(NC(=S)NCCC[*:1])ccc21,O=C(C[*:1])NO,CHEMBL4575045
O=C1NC(=O)c2cc(NC(=S)NCCC[*:1])ccc21,O=C(CC[*:1])NO,CHEMBL4449010
O=C(CNC(=O)c1cnc2[nH]cc([*:1])c2c1)NCCc1c[nH]c2ccccc12,c1cc([*:1])ccn1,CHEMBL4472277
O=C(CNC(=O)c1cnc2[nH]cc([*:1])c2c1)NCCc1c[nH]c2ccccc12,c1ccc([*:1])cc1,CHEMBL3911190
O=C(NCC[*:1])c1ccnc2[nH]c(-c3ccc(F)cc3)nc12,Clc1ccc(C[*:1])cn1,CHEMBL2046466
O=C(NCC[*:1])c1ccnc2[nH]c(-c3ccc(F)cc3)nc12,Oc1cccc([*:1])c1,CHEMBL2048666
O=C(NCC[*:1])c1ccnc2[nH]c(-c3ccc(F)cc3)nc12,Fc1ccc([*:1])cn1,CHEMBL2048664
O=C(CSc1nnc(Cn2c(C(F)(F)F)nc3ccccc32)o1)Nc1ccc([*:1])cc1,[*:1],CHEMBL4634672
O=C(CSc1nnc(Cn2c(C(F)(F)F)nc3ccccc32)o1)Nc1ccc([*:1])cc1,F[*:1],CHEMBL4637474
O=C(Nc1cc(-c2ccc([*:2])c([*:3])c2)cc2[nH]ncc12)[*:1],C1CC1[*:1].O[*:2].[*:3],CHEMBL4172211
O=C(Nc1cc(-c2ccc([*:2])c([*:3])c2)cc2[nH]ncc12)[*:1],O[*:2].c1ccc([*:1])nc1.[*:3],CHEMBL4161596
O=C(Nc1cc(-c2ccc([*:2])c([*:3])c2)cc2[nH]ncc12)[*:1],C1CC1[*:1].O[*:3].[*:2],CHEMBL4176717
O=C(Nc1cc(-c2ccc([*:2])c([*:3])c2)cc2[nH]ncc12)[*:1],O[*:3].c1ccc([*:1])nc1.[*:2],CHEMBL4174177
O=C(Nc1cc(-c2cccc3[nH]ccc23)cc2[nH]ncc12)[*:1],C1CC1[*:1],CHEMBL4163479
O=C(Nc1cc(-c2cccc3[nH]ccc23)cc2[nH]ncc12)[*:1],c1ccc([*:1])nc1,CHEMBL4165288
O=C(Nc1ncnc2oc(-c3cccnc3)cc12)[*:1],C1CCC([*:1])C1,CHEMBL182419
O=C(Nc1ncnc2oc(-c3cccnc3)cc12)[*:1],C1CC1[*:1],CHEMBL361196
O=C1C(c2cccc3ccccc23)Oc2cc3c(cc2N1C[*:1])OCO3,Fc1ccc([*:1])cc1,CHEMBL4204838
O=C1C(c2cccc3ccccc23)Oc2cc3c(cc2N1C[*:1])OCO3,c1ccc([*:1])cc1,CHEMBL4216522
O=C1Nc2ccc([*:2])cc2C1=C1SC(=Nc2ccc([*:1])cc2)N([*:3])C1=O,Br[*:2].O[*:1].[*:3],CHEMBL4203444
O=C1Nc2ccc([*:2])cc2C1=C1SC(=Nc2ccc([*:1])cc2)N([*:3])C1=O,I[*:2].c1ccc([*:3])cc1.[*:1],CHEMBL4202731
O=C1NC(=O)C(c2cccc([*:4])c2[*:5])=C1Nc1cc([*:2])c([*:1])c([*:3])c1,Cl[*:1].Cl[*:4].O=C(O)[*:3].[*:2].[*:5],CHEMBL156987
O=C1NC(=O)C(c2cccc([*:4])c2[*:5])=C1Nc1cc([*:2])c([*:1])c([*:3])c1,Cl[*:3].O=[N+]([O-])[*:5].O[*:1].[*:2].[*:4],CHEMBL322970
O=C1NC(=O)C(c2cccc([*:4])c2[*:5])=C1Nc1cc([*:2])c([*:1])c([*:3])c1,Cl[*:2].Cl[*:3].O=[N+]([O-])[*:4].O[*:1].[*:5],CHEMBL352222
O=C1NC(=O)C(c2cn3c4c(cc([*:1])cc24)CN([*:2])CC3)=C1c1coc2ccccc12,Br[*:1].[*:2],CHEMBL2386089
O=C1NC(=O)C(c2cn3c4c(cc([*:1])cc24)CN([*:2])CC3)=C1c1coc2ccccc12,F[*:1].[*:2],CHEMBL2386088
O=C1NC(=O)C(c2cn3c4c(cc([*:1])cc24)CN([*:2])CC3)=C1c1coc2ccccc12,O=C(c1cnccn1)[*:2].[*:1],CHEMBL2386090
O=C1NC(=O)C(c2cn3c4c(cc([*:1])cc24)CN([*:2])CC3)=C1c1coc2ccccc12,O=C(Cc1ccncc1)[*:2].[*:1],CHEMBL2386091
O=C1NC(=O)C(c2cn3c4c(cc([*:1])cc24)CN([*:2])CC3)=C1c1coc2ccccc12,F[*:1].O=C(N1CCCCC1)[*:2],CHEMBL2386092
O=C1NC(=O)C(c2cn3c4c(cc([*:1])cc24)CN([*:2])CC3)=C1c1coc2ccccc12,F[*:1].O=C(N1CCOCC1)[*:2],CHEMBL2386094
O=C1NC(=O)N(c2ccccc2)C1=CNc1ccc([*:1])cc1,O=C(O)[*:1],CHEMBL4204286
O=C1NC(=O)N(c2ccccc2)C1=CNc1ccc([*:1])cc1,O=[N+]([O-])[*:1],CHEMBL4207719
O=Nc1c(-c2c(O)[nH]c3cc([*:1])c([*:2])cc23)[nH]c2ccccc12,[*:1].[*:2],CHEMBL126077
O=Nc1c(-c2c(O)[nH]c3cc([*:1])c([*:2])cc23)[nH]c2ccccc12,I[*:2].[*:1],CHEMBL337300
O=Nc1c(-c2c(O)[nH]c3cc([*:1])c([*:2])cc23)[nH]c2ccccc12,Br[*:1].[*:2],CHEMBL355496
